0,0x514910771af9ca656af840dff83e8264ecf986ca,0,0,0,0,0,0,0,0,0,0,0,0,0,0,0,0,0,0,0,0,0,0,0,0,0,0,0,0,0,0,0,0,0,0,0,0,0,0,0,0,0,0,0,0,0,0,0,0,0,0,0,0,0,0,0,0,0,0,0,0,0,0,0,0,0,0,0,0,0,0,0,0,0,0,0,0,0,0,0,0,0,0,0,0,0,0,0,0,0,0,0,0,0,0,0,0,0,0,0,0,0,0,0,0,0,0,0,0,0,0,0,0,0,0,0,0,0,0,0,0,0,0,0,0,0,0,0,0,0,0,0,0,0,0,0,0,0,0,0,0,0,0,0,0,0,0,0,0,0,0,0,0,0,0,0,0,0,0,0,0,0,0,0,0,0,0,0,0,0,0,0,0,0,0,0,0,0,0,0,0,0,0,0,0,0,0,0,0,0,0,0,0,0,0,0,0,0,0,0,0,0,0,0,0,0,0,0,0,0,0,0,0,0,0,0,0,0,0,0,0,0,0,0,0,0,0,0,0,0,0,0,0,0,0,0,0,0,0,0,0,0,0,0,0,0,0,0,0,0,0,0,0,0,0,0,0,0,0,0,0,0,0,0,0,0,0,0,0,0,0,0,0,0,0,0,0,0,0,0,0,0,0,0,0,0,0,0,0,0,0,0,0,0,0,0,0,0,0,0,0
0,0xb55c5cac5014c662fdbf21a2c59cd45403c482fd,0,0,0,0,0,0,0,0,0,0,0,0,0,0,0,0,0,0,0,0,0,0,0,0,0,0,0,0,0,0,0,0,0,0,0,0,0,0,0,0,0,0,0,0,0,0,0,0,0,0,0,0,0,0,0,0,0,0,0,0,0,0,0,0,0,0,0,0,0,0,0,0,0,0,0,0,0,0,0,0,0,0,0,0,0,0,0,0,0,0,0,0,0,0,0,0,0,0,0,0,0,0,0,0,0,0,0,0,0,0,0,0,0,0,0,0,0,0,0,0,0,0,0,0,0,0,0,0,0,0,0,0,0,0,0,0,0,0,0,0,0,0,0,0,0,0,0,0,0,0,0,0,0,0,0,0,0,0,0,0,0,0,0,0,0,0,0,0,0,0,0,0,0,0,0,0,0,0,0,0,0,0,0,0,0,0,0,0,0,0,0,0,0,0,0,0,0,0,0,0,0,0,0,0,0,0,0,0,0,0,0,0,0,0,0,0,0,0,0,0,0,0,0,0,0,0,0,0,0,0,0,0,0,0,0,0,0,0,0,0,0,0,0,0,0,0,0,0,0,0,0,0,0,0,0,0,0,0,0,0,0,0,0,0,0,0,0,0,0,0,0,0,0,0,0,0,0,0,0,0,0,0,0,0,0,0,0,0,0,0,0,0,0,0,0,0,0,0,0,0
0,0x4F41d10F7E67fD16bDe916b4A6DC3Dd101C57394,0,0,0,0,0,0,0,0,0,0,0,0,0,0,0,0,0,0,0,0,0,0,0,0,0,0,0,0,0,0,0,0,0,0,0,0,0,0,0,0,0,0,0,0,0,0,0,0,0,0,0,0,0,0,0,0,0,0,0,0,0,0,0,0,0,0,0,0,0,0,0,0,0,0,0,0,0,0,0,0,0,0,0,0,0,0,0,0,0,0,0,0,0,0,0,0,0,0,0,0,0,0,0,0,0,0,0,0,0,0,0,0,0,0,0,0,0,0,0,0,0,0,0,0,0,0,0,0,0,0,0,0,0,0,0,0,0,0,0,0,0,0,0,0,0,0,0,0,0,0,0,0,0,0,0,0,0,0,0,0,0,0,0,0,0,0,0,0,0,0,0,0,0,0,0,0,0,0,0,0,0,0,0,0,0,0,0,0,0,0,0,0,0,0,0,0,0,0,0,0,0,0,0,0,0,0,0,0,0,0,0,0,0,0,0,0,0,0,0,0,0,0,0,0,0,0,0,0,0,0,0,0,0,0,0,0,0,0,0,0,0,0,0,0,0,0,0,0,0,0,0,0,0,0,0,0,0,0,0,0,0,0,0,0,0,0,0,0,0,0,0,0,0,0,0,0,0,0,0,0,0,0,0,0,0,0,0,0,0,0,0,0,0,0,0,0,0,0,0,0
0,0x06012c8cf97BEaD5deAe237070F9587f8E7A266d,0,0,0,0,0,0,0,0,0,0,0,0,0,8000000000000000,0,8000000000000000,0,0,0,8000000000000000,0,0,8000000000000000,0,0,8000000000000000,0,0,8000000000000000,0,0,8000000000000000,0,0,8000000000000000,0,0,8000000000000000,0,0,0,0,0,0,0,0,0,0,0,0,0,0,0,0,0,8000000000000000,0,0,0,0,0,0,0,8000000000000000,0,0,0,0,0,0,0,0,0,0,0,0,0,0,0,0,0,0,0,0,0,0,0,0,0,0,0,0,0,0,0,0,0,0,0,0,0,0,0,8000000000000000,0,0,0,0,0,0,0,0,0,0,0,0,0,0,0,0,0,0,0,0,0,0,0,0,0,0,0,0,0,0,0,0,0,0,0,0,0,0,0,0,0,0,0,0,0,0,0,0,0,0,0,0,8000000000000000,0,0,0,8000000000000000,0,0,8000000000000000,0,0,0,0,8000000000000000,0,0,8000000000000000,0,0,0,0,0,0,8000000000000000,0,0,0,0,0,0,0,0,0,0,0,8000000000000000,0,0,0,0,0,0,0,0,0,0,0,0,0,0,8000000000000000,0,0,0,0,0,8000000000000000,0,0,0,0,0,0,0,0,0,0,0,0,0,0,0,0,8000000000000000,0,0,8000000000000000,0,0,8000000000000000,0,0,0,8000000000000000,0,8000000000000000,0,0,0,0,0,0,0,0,0,8000000000000000,0,0,8000000000000000,0,0,8000000000000000,0,8000000000000000,0,0,0,8000000000000000,0,0,8000000000000000,0,0,8000000000000000,0,0,8000000000000000,0,0,8000000000000000,0,0,8000000000000000,0,0,8000000000000000,0,0,8000000000000000,0,0,8000000000000000,0,0,8000000000000000,0,11955545868340062,1118785006728,0,11955545868340062,3955545868340062,0,8834984763131210,20822430581,0,8834984763131210,834984763131210,0,0,8000000000000000,0
0,0x604652C6a6E606669BDccDE15519644B869A97a9,0,0,0,0,0,0,0,0,0,0,0,0,0,0,0,0,0,0,0,0,0,0,0,0,0,0,0,0,0,0,0,0,0,0,0,0,0,0,0,0,0,0,0,0,0,0,0,0,0,0,0,0,0,0,0,0,0,0,0,0,0,0,0,0,0,0,0,0,0,0,0,0,0,0,0,0,0,0,0,0,0,0,0,0,0,0,0,0,0,0,0,0,0,0,0,0,0,0,0,0,0,0,0,0,0,0,0,0,0,0,0,0,0,0,0,0,0,0,0,0,0,0,0,0,0,0,0,0,0,0,0,0,0,0,0,0,0,0,0,0,0,0,0,0,0,0,0,0,0,0,0,0,0,0,0,0,0,0,0,0,0,0,0,0,0,0,0,0,0,0,0,0,0,0,0,0,0,0,0,0,0,0,0,0,0,0,0,0,0,0,0,0,0,0,0,0,0,0,0,0,0,0,0,0,0,0,0,0,0,0,0,0,0,0,0,0,0,0,0,0,0,0,0,0,0,0,0,0,0,0,0,0,0,0,0,0,0,0,0,0,0,0,0,0,0,0,0,0,0,0,0,0,0,0,0,0,0,0,0,0,0,0,0,0,0,0,0,0,0,0,0,0,0,0,0,0,0,0,0,0,0,0,0,0,0,0,0,0,0,0,0,0,0,0,0,0,0,0,0,0
0,0xB62132e35a6c13ee1EE0f84dC5d40bad8d815206,0,0,0,0,0,0,0,0,0,0,0,0,0,0,0,0,0,0,0,0,0,0,0,0,0,0,0,0,0,0,0,0,0,0,0,0,0,0,0,0,0,0,0,0,0,0,0,0,0,0,0,0,0,0,0,0,0,0,0,0,0,0,0,0,0,0,0,0,0,0,0,0,0,0,0,0,0,0,0,0,0,0,0,0,0,0,0,0,0,0,0,0,0,0,0,0,0,0,0,0,0,0,0,0,0,0,0,0,0,0,0,0,0,0,0,0,0,0,0,0,0,0,0,0,0,0,0,0,0,0,0,0,0,0,0,0,0,0,0,0,0,0,0,0,0,0,0,0,0,0,0,0,0,0,0,0,0,0,0,0,0,0,0,0,0,0,0,0,0,0,0,0,0,0,0,0,0,0,0,0,0,0,0,0,0,0,0,0,0,0,0,0,0,0,0,0,0,0,0,0,0,0,0,0,0,0,0,0,0,0,0,0,0,0,0,0,0,0,0,0,0,0,0,0,0,0,0,0,0,0,0,0,0,0,0,0,0,0,0,0,0,0,0,0,0,0,0,0,0,0,0,0,0,0,0,0,0,0,0,0,0,0,0,0,0,0,0,0,0,0,0,0,0,0,0,0,0,0,0,0,0,0,0,0,0,0,0,0,0,0,0,0,0,0,0,0,0,0,0,0
0,0xBd13e53255eF917DA7557db1B7D2d5C38a2EFe24,0,0,0,0,0,0,0,0,0,0,0,0,0,0,0,0,0,0,0,0,0,0,0,0,0,0,0,0,0,0,0,0,0,0,0,0,0,0,0,0,0,0,0,0,0,0,0,0,0,0,0,0,0,0,0,0,0,0,0,0,0,0,0,0,0,0,0,0,0,0,0,0,0,0,0,0,0,0,0,0,0,0,0,0,0,0,0,0,0,0,0,0,0,0,0,0,0,0,0,0,0,0,0,0,0,0,0,0,0,0,0,0,0,0,0,0,0,0,0,0,0,0,0,0,0,0,0,0,0,0,0,0,0,0,0,0,0,0,0,0,0,0,0,0,0,0,0,0,0,0,0,0,0,0,0,0,0,0,0,0,0,0,0,0,0,0,0,0,0,0,0,0,0,0,0,0,0,0,0,0,0,0,0,0,0,0,0,0,0,0,0,0,0,0,0,0,0,0,0,0,0,0,0,0,0,0,0,0,0,0,0,0,0,0,0,0,0,0,0,0,0,0,0,0,0,0,0,0,0,0,0,0,0,0,0,0,0,0,0,0,0,0,0,0,0,0,0,0,0,0,0,0,0,0,0,0,0,0,0,0,0,0,0,0,0,0,0,0,0,0,0,0,0,0,0,0,0,0,0,0,0,0,0,0,0,0,0,0,0,0,0,0,0,0,0,0,0,0,0,0
0,0x12f208476F64De6e6f933E55069Ba9596D818e08,0,0,0,0,0,0,0,0,0,0,0,0,0,0,0,0,0,0,0,0,0,0,0,0,0,0,0,0,0,0,0,0,0,0,0,0,0,0,0,0,0,0,0,0,0,0,0,0,0,0,0,0,0,0,0,0,0,0,0,0,0,0,0,0,0,0,0,0,0,0,0,0,0,0,0,0,0,0,0,0,0,0,0,0,0,0,0,0,0,0,0,0,0,0,0,0,0,0,0,0,0,0,0,0,0,0,0,0,0,0,0,0,0,0,0,0,0,0,0,0,0,0,0,0,0,0,0,0,0,0,0,0,0,0,0,0,0,0,0,0,0,0,0,0,0,0,0,0,0,0,0,0,0,0,0,0,0,0,0,0,0,0,0,0,0,0,0,0,0,0,0,0,0,0,0,0,0,0,0,0,0,0,0,0,0,0,0,0,0,0,0,0,0,0,0,0,0,0,0,0,0,0,0,0,0,0,0,0,0,0,0,0,0,0,0,0,0,0,0,0,0,0,0,0,0,0,0,0,0,0,0,0,0,0,0,0,0,0,0,0,0,0,0,0,0,0,0,0,0,0,0,0,0,0,0,0,0,0,0,0,0,0,0,0,0,0,0,0,0,0,0,0,0,0,0,0,0,0,0,0,0,0,0,0,0,0,0,0,0,0,0,0,0,0,0,0,0,0,0,0
0,0xf567EA9138FE836555b9002AbEea42a9DBf16Ac5,0,400000000000000000,0,400000000000000000,0,0,0,394768000000000000,0,394768000000000000,0,0,0,585682000000000000,0,585682000000000000,0,0,0,584689000000000000,0,584689000000000000,0,0,0,583620000000000000,0,583620000000000000,0,0,0,584613000000000000,0,584613000000000000,0,0,0,584536000000000000,0,584536000000000000,0,0,0,584384000000000000,0,584384000000000000,0,0,0,584307000000000000,0,584307000000000000,0,0,0,584078000000000000,0,584078000000000000,0,0,0,585224000000000000,0,585224000000000000,0,0,0,584995000000000000,0,584995000000000000,0,0,0,584613000000000000,0,584613000000000000,0,0,0,584689000000000000,0,584689000000000000,0,0,0,584918000000000000,0,584918000000000000,0,0,0,584766000000000000,0,584766000000000000,0,0,0,584842000000000000,0,584842000000000000,0,0,0,586064000000000000,0,586064000000000000,0,0,0,586217000000000000,0,586217000000000000,0,0,0,586752000000000000,0,586752000000000000,0,0,0,578501000000000000,0,578501000000000000,0,0,0,577202000000000000,0,577202000000000000,0,0,0,576438000000000000,0,0,400000000000000000,0,400000000000000000,0,0,576438000000000000,0,0,0,577126000000000000,0,577126000000000000,0,0,0,578883000000000000,0,578883000000000000,0,0,0,575063000000000000,0,575063000000000000,0,0,0,574681000000000000,0,574681000000000000,0,0,0,574299000000000000,0,574299000000000000,0,0,0,575139000000000000,0,575139000000000000,0,0,0,574452000000000000,0,574452000000000000,0,0,0,574222000000000000,0,574222000000000000,0,0,0,573993000000000000,0,573993000000000000,0,0,0,572542000000000000,0,0,400000000000000000,0,400000000000000000,0,0,572542000000000000,0,0,0,572542000000000000,0,572542000000000000,0,0,0,572847000000000000,0,572847000000000000,0,0,0,572694000000000000,0,572694000000000000,0,0,0,572771000000000000,0,572771000000000000,0,0,0,584613000000000000,0,584613000000000000,0,0,0,584918000000000000,0,584918000000000000,0,0,0,584842000000000000,0,584842000000000000,0,0,0,585606000000000000,0,585606000000000000,0,0,0,584918000000000000,0,584918000000000000,0,0,0,584613000000000000,0,584613000000000000,0,0,0,584918000000000000,0,584918000000000000,0,0,0,584842000000000000,0,584842000000000000,0,0,0,585682000000000000,0,585682000000000000,0,0,0,585300000000000000,0,585300000000000000,0,0,0,585300000000000000,0,585300000000000000,0,0
0,0xF5d49387EcFA36bD2BF047d9E72344A2b3afBB72,0,0,0,0,0,0,0,0,0,0,0,0,0,0,0,0,0,0,0,0,0,0,0,0,0,0,0,0,0,0,0,0,0,0,0,0,0,0,0,0,0,0,0,0,0,0,0,0,0,0,0,0,0,0,100000,0,0,0,0,0,100000,0,0,10000000000000,0,0,0,0,0,0,0,0,0,0,0,0,0,0,0,0,0,0,0,0,0,0,0,0,0,0,0,0,0,0,0,0,0,0,0,0,0,0,0,0,0,0,0,0,0,0,0,0,0,0,0,0,0,0,0,0,0,0,0,0,0,0,0,0,0,0,0,0,0,0,0,0,0,0,0,0,0,0,0,0,0,0,0,0,0,0,0,0,0,0,0,0,0,0,0,0,0,0,0,0,0,0,0,0,0,0,0,1000000000000000,0,0,0,0,0,0,0,0,0,0,0,0,0,0,0,0,0,0,0,0,0,0,0,0,0,0,10000000,0,0,0,0,0,0,0,0,0,0,0,0,0,0,0,0,0,0,0,0,0,0,0,0,0,0,0,0,0,0,0,0,0,0,0,0,0,0,0,0,0,0,0,0,0,0,0,0,0,0,0,0,0,0,0,0,0,0,0,0,0,0,0,0,0,0,0,0,0,0,0,0,0,0,0,0,0,0,0,0,0,0,0,0,0,0,0,0,0,0,0,0,0,0,0,0,0,0,0,0,0
0,0xdc6c91b569C98F9F6f74d90F9BEFF99FDAf4248b,1300000000000000000,1300000000000000000,0,41000000000000000,41000000000000000,0,15000000000000000000,15000000000000000000,0,200000000000000000,200000000000000000,0,0,0,0,0,0,0,9180000000000000000,9180000000000000000,0,0,0,0,0,0,0,0,0,0,20000000000000000,20000000000000000,0,2000000000000000000,2000000000000000000,0,0,0,0,0,0,0,1500000000000000000,1500000000000000000,0,9230000000000000000,9230000000000000000,0,0,0,0,0,0,0,200000000000000000,200000000000000000,0,1000000000000000000,1000000000000000000,0,0,0,0,0,0,0,0,0,0,0,0,0,0,0,0,0,0,0,0,0,0,820732885000000000,820732885000000000,0,300000000000000000,300000000000000000,0,1429900000000000000,1429900000000000000,0,0,0,0,11300000000000000000,11300000000000000000,0,228805235000000000,228805235000000000,0,0,0,0,20000000000000000,20000000000000000,0,340000000000000000,340000000000000000,0,0,0,0,12000000000000000000,12000000000000000000,0,957092525000000000,957092525000000000,0,108000000000000000000,108000000000000000000,0,0,0,0,0,0,0,0,0,0,36400000000000000000,36400000000000000000,0,0,0,0,2370000000000000000,2370000000000000000,0,0,0,0,230000000000000000,230000000000000000,0,0,0,0,0,0,0,0,0,0,3000000000000000000,3000000000000000000,0,0,0,0,1670000000000000000,1670000000000000000,0,616000000000000000,616000000000000000,0,10100000000000000000,10100000000000000000,0,87390000000000000000,87390000000000000000,0,4000000000000000000,4000000000000000000,0,0,0,0,1250000000000000000,1250000000000000000,0,48500000000000000000,48500000000000000000,0,0,0,0,0,0,0,0,0,0,999000000000000000,999000000000000000,0,1600000000000000000,1600000000000000000,0,2400000000000000000,2400000000000000000,0,0,0,0,0,0,0,3850000000000000000,3850000000000000000,0,2400000000000000000,2400000000000000000,0,1900000000000000000,1900000000000000000,0,7300000000000000000,7300000000000000000,0,500000000000000000,500000000000000000,0,0,0,0,100000000000000000000,100000000000000000000,0,20000000000000000,20000000000000000,0,1267800000000000000,1267800000000000000,0,0,0,0,80000000000000000,80000000000000000,0,12100000000000000000,12100000000000000000,0,670000000000000000,670000000000000000,0,0,0,0,8470000000000000000,8470000000000000000,0,0,0,0,4840000000000000000,4840000000000000000,0,0,0,0,0,0,0,3000000000000000000,3000000000000000000,0,8300000000000000000,8300000000000000000,0,0,0,0,147218989000000000,147218989000000000,0,58000000000000000000,58000000000000000000,0,85500000000000000,85500000000000000,0,0,0,0,0,0,0,1033947613000000000,1033947613000000000,0,10700000000000000000,10700000000000000000,0,784000000000000000,784000000000000000,0,0,0,0
0,0x1689dCfef3E695ac4CC1e5B7E77F9135f1d58A50,0,0,0,0,0,0,0,0,0,0,0,0,0,0,0,0,0,0,0,0,0,0,0,0,0,0,0,0,0,0,0,0,0,0,0,0,0,0,0,0,0,0,0,0,0,0,0,0,0,0,0,0,0,0,0,0,0,0,0,0,0,0,0,0,0,0,0,0,0,0,0,0,0,0,0,0,0,0
0,0x89d24A6b4CcB1B6fAA2625fE562bDD9a23260359,0,0,0,0,0,0,0,0,0,0,0,0,0,0,0,0,0,0,0,0,0,0,0,0,0,0,0,0,0,0,0,0,0,0,0,0,0,0,0,0,0,0,0,0,0,0,0,0,0,0,0,0,0,0,0,0,0,0,0,0,0,0,0,0,0,0,0,0,0,0,0,0,0,0,0,0,0,0,0,0,0,0,0,0,0,0,0,0,0,0,0,0,0,0,0,0,0,0,0,0,0,0,0,0,0,0,0,0,0,0,0,0,0,0,0,0,0,0,0,0,0,0,0,0,0,0,0,0,0,0,0,0,0,0,0,0,0,0,0,0,0,0,0,0,0,0,0,0,0,0,0,0,0,0,0,0,0,0,0,0,0,0,0,0,0,0,0,0,0,0,0,0,0,0,0,0,0,0,0,0,0,0,0,0,0,0,0,0,0,0,0,0,0,0,0,0,0,0,0,0,0,0,0,0,0,0,0,0,0,0,0,0,0,0,0,0,0,0,0,0,0,0,0,0,0,0,0,0,0,0,0,0,0,0,0,0,0,0,0,0,0,0,0,0,0,0,0,0,0,0,0,0,0,0,0,0,0,0,0,0,0,0,0,0,0,0,0,0,0,0,0,0,0,0,0,0,0,0,0,0,0,0,0,0,0,0,0,0,0,0,0,0,0,0,0,0,0,0,0,0
0,0x9f8F72aA9304c8B593d555F12eF6589cC3A579A2,0,0,0,0,0,0,0,0,0,0,0,0,0,0,0,0,0,0,0,0,0,0,0,0,0,0,0,0,0,0,0,0,0,0,0,0,0,0,0,0,0,0,0,0,0,0,0,0,0,0,0,0,0,0,0,0,0,0,0,0,0,0,0,0,0,0,0,0,0,0,0,0,0,0,0,0,0,0,0,0,0,0,0,0,0,0,0,0,0,0,0,0,0,0,0,0,0,0,0,0,0,0,0,0,0,0,0,0,0,0,0,0,0,0,0,0,0,0,0,0,0,0,0,0,0,0,0,0,0,0,0,0,0,0,0,0,0,0,0,0,0,0,0,0,0,0,0,0,0,0,0,0,0,0,0,0,0,0,0,0,0,0,0,0,0,0,0,0,0,0,0,0,0,0,0,0,0,0,0,0,0,0,0,0,0,0,0,0,0,0,0,0,0,0,0,0,0,0,0,0,0,0,0,0,0,0,0,0,0,0,0,0,0,0,0,0,0,0,0,0,0,0,0,0,0,0,0,0,0,0,0,0,0,0,0,0,0,0,0,0,0,0,0,0,0,0,0,0,0,0,0,0,0,0,0,0,0,0,0,0,0,0,0,0,0,0,0,0,0,0,0,0,0,0,0,0,0,0,0,0,0,0,0,0,0,0,0,0,0,0,0,0,0,0,0,0,0,0,0,0
0,0xf9262f3fFFf92e6d8e4a3b59AcB4DFCcAe160878,5000000000000000,5000000000000000,0,0,0,0,19000000000000000,19000000000000000,0,19000000000000000,19000000000000000,0,19000000000000000,19000000000000000,0,19000000000000000,19000000000000000,0,19000000000000000,19000000000000000,0,19000000000000000,19000000000000000,0,25000000000000000,25000000000000000,0,200000000000000000,200000000000000000,0,200000000000000000,200000000000000000,0,330000000000000000,330000000000000000,0,20000000000000000,20000000000000000,0,18500000000000000,18500000000000000,0,19000000000000000,19000000000000000,0,19000000000000000,19000000000000000,0,20000000000000000,20000000000000000,0,19000000000000000,19000000000000000,0,19000000000000000,19000000000000000,0,20000000000000000,20000000000000000,0,20000000000000000,20000000000000000,0,20000000000000000,20000000000000000,0,19000000000000000,19000000000000000,0,18000000000000000,18000000000000000,0,20000000000000000,20000000000000000,0,0,0,0,0,0,0,0,0,0,0,0,0
0,0xA315bD2e3227C2ab71f1350644B01757EAFf9cb4,50000000000000000,50000000000000000,0,50000000000000000,50000000000000000,0,50000000000000000,50000000000000000,0,50000000000000000,50000000000000000,0,150000000000000000,150000000000000000,0,150000000000000000,150000000000000000,0,50000000000000000,50000000000000000,0,150000000000000000,150000000000000000,0,50000000000000000,50000000000000000,0,50000000000000000,50000000000000000,0,50000000000000000,50000000000000000,0,50000000000000000,50000000000000000,0,150000000000000000,150000000000000000,0,50000000000000000,50000000000000000,0,150000000000000000,150000000000000000,0,150000000000000000,150000000000000000,0,50000000000000000,50000000000000000,0,50000000000000000,50000000000000000,0,50000000000000000,50000000000000000,0,50000000000000000,50000000000000000,0,150000000000000000,150000000000000000,0,150000000000000000,150000000000000000,0,150000000000000000,150000000000000000,0,50000000000000000,50000000000000000,0,50000000000000000,50000000000000000,0,50000000000000000,50000000000000000,0,50000000000000000,50000000000000000,0,50000000000000000,50000000000000000,0,50000000000000000,50000000000000000,0,50000000000000000,50000000000000000,0,50000000000000000,50000000000000000,0,50000000000000000,50000000000000000,0,150000000000000000,150000000000000000,0,50000000000000000,50000000000000000,0,50000000000000000,50000000000000000,0,50000000000000000,50000000000000000,0,150000000000000000,150000000000000000,0,50000000000000000,50000000000000000,0,150000000000000000,150000000000000000,0,50000000000000000,50000000000000000,0,50000000000000000,50000000000000000,0,50000000000000000,50000000000000000,0,150000000000000000,150000000000000000,0,50000000000000000,50000000000000000,0,150000000000000000,150000000000000000,0,50000000000000000,50000000000000000,0,50000000000000000,50000000000000000,0,150000000000000000,150000000000000000,0,50000000000000000,50000000000000000,0,150000000000000000,150000000000000000,0,50000000000000000,50000000000000000,0,150000000000000000,150000000000000000,0,50000000000000000,50000000000000000,0,50000000000000000,50000000000000000,0,50000000000000000,50000000000000000,0,150000000000000000,150000000000000000,0,150000000000000000,150000000000000000,0,150000000000000000,150000000000000000,0,150000000000000000,150000000000000000,0,150000000000000000,150000000000000000,0,50000000000000000,50000000000000000,0,50000000000000000,50000000000000000,0,150000000000000000,150000000000000000,0,150000000000000000,150000000000000000,0,50000000000000000,50000000000000000,0,150000000000000000,150000000000000000,0,150000000000000000,150000000000000000,0,150000000000000000,150000000000000000,0,150000000000000000,150000000000000000,0,50000000000000000,50000000000000000,0,150000000000000000,150000000000000000,0,150000000000000000,150000000000000000,0,150000000000000000,150000000000000000,0,150000000000000000,150000000000000000,0,50000000000000000,50000000000000000,0,150000000000000000,150000000000000000,0,150000000000000000,150000000000000000,0,150000000000000000,150000000000000000,0,150000000000000000,150000000000000000,0,50000000000000000,50000000000000000,0,50000000000000000,50000000000000000,0,50000000000000000,50000000000000000,0,150000000000000000,150000000000000000,0,150000000000000000,150000000000000000,0,50000000000000000,50000000000000000,0,50000000000000000,50000000000000000,0,50000000000000000,50000000000000000,0,50000000000000000,0,0,50000000000000000,0,0,50000000000000000,50000000000000000,0,50000000000000000,50000000000000000,0,50000000000000000,50000000000000000,0,150000000000000000,150000000000000000,0,50000000000000000,50000000000000000,0,50000000000000000,50000000000000000,0,50000000000000000,50000000000000000,0,50000000000000000,50000000000000000,0,50000000000000000,50000000000000000,0,50000000000000000,50000000000000000,0,50000000000000000,50000000000000000,0
0,0xA4e8C3Ec456107eA67d3075bF9e3DF3A75823DB0,0,0,0,0,0,0,0,0,0,0,0,0,0,0,0,0,0,0,0,0,0,0,0,0,0,0,0,0,0,0,0,0,0,0,0,0,0,0,0,0,0,0,0,0,0,0,0,0,0,0,0,0,0,0,0,0,0,0,0,0,0,0,0,0,0,0,0,0,0,0,0,0,0,0,0,0,0,0,0,0,0,0,0,0,0,0,0,0,0,0,0,0,0,0,0,0,0,0,0,0,0,0,0,0,0,0,0,0,0,0,0,0,0,0,0,0,0,0,0,0,0,0,0,0,0,0,0,0,0,0,0,0,0,0,0,0,0,0,0,0,0,0,0,0,0,0,0,0,0,0,0,0,0,0,0,0,0,0,0,0,0,0,0,0,0,0,0,0,0,0,0,0,0,0,0,0,0,0,0,0,0,0,0,0,0,0,0,0,0,0,0,0,0,0,0,0,0,0,0,0,0,0,0,0,0,0,0,0,0,0,0,0,0,0,0,0,0,0,0,0,0,0,0,0,0,0,0,0,0,0,0,0,0,0,0,0,0,0,0,0,0,0,0,0,0,0,0,0,0,0,0,0,0,0,0,0,0,0,0,0,0,0,0,0,0,0,0,0,0,0,0,0,0,0,0,0,0,0,0,0,0,0,0,0,0,0,0,0,0,0,0,0,0,0,0,0,0,0,0,0
0,0xa645264C5603E96c3b0B078cdab68733794B0A71,0,0,0,0,0,0,0,0,0,0,0,0,0,0,0,0,0,0,0,0,0,0,0,0,0,0,0,0,0,0,0,0,0,0,0,0,0,0,0,0,0,0,0,0,0,0,0,0,0,0,0,0,0,0,0,0,0,0,0,0,0,0,0,0,0,0,0,0,0,0,0,0,0,0,0,0,0,0,0,0,0,0,0,0,0,0,0,0,0,0,0,0,0,0,0,0,0,0,0,0,0,0,0,0,0,0,0,0,0,0,0,0,0,0,0,0,0,0,0,0,0,0,0,0,0,0,0,0,0,0,0,0,0,0,0,0,0,0,0,0,0,0,0,0,0,0,0,0,0,0,0,0,0,0,0,0,0,0,0,0,0,0,0,0,0,0,0,0,0,0,0,0,0,0,0,0,0,0,0,0,0,0,0,0,0,0,0,0,0,0,0,0,0,0,0,0,0,0,0,0,0,0,0,0,0,0,0,0,0,0,0,0,0,0,0,0,0,0,0,0,0,0,0,0,0,0,0,0,0,0,0,0,0,0,0,0,0,0,0,0,0,0,0,0,0,0,0,0,0,0,0,0,0,0,0,0,0,0,0,0,0,0,0,0,0,0,0,0,0,0,0,0,0,0,0,0,0,0,0,0,0,0,0,0,0,0,0,0,0,0,0,0,0,0,0,0,0,0,0,0
0,0x471cD7A690B752e13826bbF3745A9111C66906F5,5000000000000000,0,0,0,21000000000000000,0,21000000000000000,0,0,0,316000000000000000,0,100000000000000000,0,0,100000000000000000,0,0,2000000000000000,0,0,11000000000000000,0,0,1000000000000000,0,0,1000000000000000,0,0,1000000000000000,0,0,100000000000000000,0,0,0,74000000000000000,0,14000000000000000,0,0,0,0,0,10000000000000000,0,0,11000000000000000,0,0,1000000000000000,0,0,20000000000000000,0,0,1000000000000000,0,0,1000000000000000,0,0,1000000000000000,0,0,1000000000000000,0,0,1000000000000000,0,0,1000000000000000,0,0,1000000000000000,0,0,1000000000000000,0,0,1000000000000000,0,0,10000000000000000,0,0,0,15000000000000000,0,10000000000000000,0,0,0,0,0,5000000000000000,0,0,0,10000000000000000,0,10000000000000000,0,0,0,0,0
0,0x0AbdAce70D3790235af448C88547603b945604ea,0,0,0,0,0,0,0,0,0,0,0,0,0,0,0,0,0,0,0,0,0,0,0,0,0,0,0,0,0,0,0,0,0,0,0,0,0,0,0,0,0,0,0,0,0,0,0,0,0,0,0,0,0,0,0,0,0,0,0,0,0,0,0,0,0,0,0,0,0,0,0,0,0,0,0,0,0,0,0,0,0,0,0,0,0,0,0,0,0,0,0,0,0,0,0,0,0,0,0,0,0,0,0,0,0,0,0,0,0,0,0,0,0,0,0,0,0,0,0,0,0,0,0,0,0,0,0,0,0,0,0,0,0,0,0,0,0,0,0,0,0,0,0,0,0,0,0,0,0,0,0,0,0,0,0,0,0,0,0,0,0,0,0,0,0,0,0,0,0,0,0,0,0,0,0,0,0,0,0,0,0,0,0,0,0,0,0,0,0,0,0,0,0,0,0,0,0,0,0,0,0,0,0,0,0,0,0,0,0,0,0,0,0,0,0,0,0,0,0,0,0,0,0,0,0,0,0,0,0,0,0,0,0,0,0,0,0,0,0,0,0,0,0,0,0,0,0,0,0,0,0,0,0,0,0,0,0,0,0,0,0,0,0,0,0,0,0,0,0,0,0,0,0,0,0,0,0,0,0,0,0,0,0,0,0,0,0,0,0,0,0,0,0,0,0,0,0,0,0,0
0,0x497559ddecd57028990D6df58efF962B493829d8,0,0,0,0,0,0,0,0,0,0,0,0,1000000000000000000,0,0,1000000000000000000,0,0,1000000000000000000,0,0,0,0,0,0,0,0,10000000000000000,0,0,0,0,0,10000000000000000,0,0,0,0,0,1000000000000000,0,0,1000000000000000,0,0,0,0,0,0,0,0,0,0,0,0,0,0,0,0,0,0,0,0,0,0,0,0,0,0,0,0,0,1000000000000000,0,0,1000000000000000,0,0,0,0,0,0,0,0,0,0,0,0,0,0,10000000000000000,0,0,0,0,0,0,0,0,0,0,0,0,0,0,0,0,0,0,0,0,0,0,0,0,0,0,0,0,0,0,0,0,0,0,0,0,0,0,0,0,0,0,0,0,0,0,0,0,0,0,0,0,0,0,0,0,0,0,0,0,0,0,0,0,0,0,0,0,0,0,0,0,0,0,1000000000000000,0,0,0,0,0,0,0,0,1000000000000000,0,0,0,0,0,0,0,0,0,0,0,0,0,0,10000000000000000,0,0,1000000000000000,0,0,0,0,0,0,0,0,0,0,0,0,0,0,0,0,0,0,0,0,0,0,0,0,0,0,0,0,0,0,0,0,10000000000000000,0,0,100000000000000000,0,0,0,0,0,0,0,0,0,0,0,100000000000000000,0,0,10000000000000000,0,0,1000000000000000,0,0,0,0,0,0,0,0,1000000000000000,0,0,0,0,0,0,0,0,0,0,0,0,0,0,0,0,0,0,0,0,0,0,0,1000000000000000,0,0,0,0,0,0,0,0
0,0xEDb94888EFF041Eb50C9FC92C360f66AFB3b94C5,0,0,0,0,0,0,0,0,0,0,0,0,0,0,0,0,0,0,0,11579739911199000000,0,0,0,0,0,1000000000000000000,0,0,1000000000000000000,0,0,0,0,0,0,0,0,0,0,0,0,0,0,0,0,0,0,0,0,0,0,0,0,0,0,0,0,0,0,0,0,0,0,0,0,0,0,0,0,0,0,0,0,0,0,0,0,0,0,0,0,0,0,0,0,0,0,0,0,0,0,0,0,0,0,0,0,0,0,0,0,0,0,0,0,0,0,0,0,0,0,0,0,0,0,0,0,0,0,0,0,0,0,0,0,0,0,0,0,0,0,0,0,0,0,0,0,0,0,0,0,0,0,0,0,0,0,0,0,0,0,0,0,0,0,0,0,0,0,0,0,0,0,0,0,0,0,0,0,0,0,0,0,0,0,0,0,0,0,0,0,0,0,0,0,0,0,0,0,0,0,0,0,0,0,0,0,0,0,0,0,0,0,0,0,0,0,0,0,0,0,0,0,0,0,0,0,0,0,0,0,0,0,0,0,0,0,0,0,0,0,0,0,0,0,0,0,0,0,0,0,0,0,0,0,0,0,0,0,0,0,0,0,0,0,0,0,0,0,0,0,0,0,0,0,0,0,0,0,0,0,0,0,0,0,0,0,0,0,0,0,0,0,0,0,0,0,0,0,0,0,0,0,0,0,0,0,0,0,0
0,0xaf3b6Cf6B25740Af51cfebcaaD5bAE2cA12856f0,0,0,0,0,0,0,0,0,0,0,0,0,0,0,0,0,0,0,0,0,0,0,0,0,0,0,0,0,0,0,0,0,0,0,0,0,0,0,0,0,0,0,0,0,0,0,0,0,0,0,0,0,0,0,0,0,0,0,0,0,0,0,0,0,0,0,0,0,0,0,0,0,0,0,0,0,0,0,0,0,0,0,0,0,0,0,0,0,0,0,0,0,0,0,0,0,0,0,0,0,0,0,0,0,0,0,0,0,0,0,0,0,0,0,0,0,0,0,0,0,0,0,0,0,0,0,0,0,0,0,0,0,0,0,0,0,0,0,0,0,0,0,0,0,0,0,0,0,0,0,0,0,0,0,0,0,0,0,0,0,0,0,0,0,0,0,0,0,0,0,0,0,0,0,0,0,0,0,0,0,0,0,0,0,0,0,0,0,0,0,0,0,0,0,0,0,0,0,0,0,0,0,0,0,0,0,0,0,0,0,0,0,0,0,0,0,0,0,0,0,0,0,0,0,0,0,0,0,0,0,0,0,0,0,0,0,0,0,0,0,0,0,0,0,0,0,0,0,0,0,0,0,0,0,0,0,0,0,0,0,0,0,0,0,0,0,0,0,0,0,0,0,0,0,0,0,0,0,0,0,0,0,0,0,0,0,0,0,0,0,0,0,0,0,0,0,0,0,0,0
0,0xfE7EE4CaD9EC227A569E036FaD032c85be670412,0,0,0,0,0,0,0,0,0,0,0,0,0,0,0,0,0,0,0,0,0,0,0,0,0,0,0,0,0,0,0,0,0,0,0,0,0,0,0,0,0,0,0,0,0,0,0,0,0,0,0,0,0,0,0,0,0,0,0,0,0,0,0,0,0,0,0,0,0,0,0,0,0,0,0,0,0,0,0,0,0,0,0,0,0,0,0,0,0,0,0,0,0,0,0,0,0,0,0,0,0,0,0,0,0,0,0,0,0,0,0,0,0,0,0,0,0,0,0,0,0,0,0,0,0,0,0,0,0,0,0,0,0,0,0,0,0,0,0,0,0,0,0,0,0,0,0,0,0,0,0,0,0,0,0,0,0,0,0,0,0,0,0,0,0,0,0,0,0,0,0,0,0,0,0,0,0,0,0,0,0,0,0,0,0,0,0,0,0,0,0,0,0,0,0,0,0,0,0,0,0,0,0,0,0,0,0,0,0,0,0,0,0,0,0,0,0,0,0,0,0,0,0,0,0,0,0,0
0,0xA667F7c9F8D9E7F54814f312aE42d08A31154889,0,0,0,45000000000000000,44550000000000000,0,0,0,0,6270000000000000,6207300000000000,0,1700000000000000,0,0,9999999000000,0,0,539000000000000,533610000000000,0,0,0,0,139425000000000,138030750000000,0,10000000000000000,0,0,1690000000000000,1673100000000000,0,2280000000000000,2257200000000000,0,6112000000000000,6050880000000000,0,5900000000000000,0,0,0,0,0,0,0,0,4000000000000000,0,0,4000000000000000,0,0,1690000000000000,1673100000000000,0,0,0,0,0,0,0,0,0,0,0,0,0,280000000000000000,277200000000000000,0,390000000000000000,386100000000000000,0,400000000000000000,396000000000000000,0,250000000000000000,247500000000000000,0,75000000000000000,74250000000000000,0,100000000000000000,99000000000000000,0,40000000000000000,39600000000000000,0,72000000000000000,71280000000000000,0,75000000000000000,74250000000000000,0,15000000000000000,14850000000000000,0,15000000000000000,14850000000000000,0,0,0,0,845000000000000,836550000000000,0,0,0,0,0,0,0,0,0,0,194350000000000000,192406500000000000,0,15000000000000000,14850000000000000,0,150000000000000000,148500000000000000,0,25000000000000000,24750000000000000,0,10000000000000000,9900000000000000,0,20000000000000000,19800000000000000,0,0,0,0,0,0,0,0,0,0,0,0,0,0,0,0,0,0,0,0,0,0,9000000000000000,8910000000000000,0,27000000000000000,26730000000000000,0,0,0,0,1900000000000,1881000000000,0,1900000000000,1881000000000,0,10000000000000000,9900000000000000,0,0,0,0,0,0,0,50000000000000000,49500000000000000,0,100000000000000,99000000000000,0,2500000000000000,2475000000000000,0,0,0,0,4230000000000000,4187700000000000,0,9000000000000000,8910000000000000,0,588000000000000,582120000000000,0,0,0,0,0,0,0,0,0,0,0,0,0,0,0,0,0,0,0,0,0,0,0,0,0,19000000000000000,18810000000000000,0,2060664605943500,2040057959884065,0,125000000000000000,0,0,125000000000000000,123750000000000000,0,0,0,0,0,0,0,22500000000000000,22275000000000000,0,39000000000000000,38610000000000000,0,0,0,0,0,0,0,30000000000000000,29700000000000000,0,0,0,0,10000000000000000,9900000000000000,0,20000000000000000,19800000000000000,0,10000000000000000,9900000000000000,0,0,0,0,0,0,0,0,0,0,0,0,0,0,0,0,0,0,0,0,0,0,0,0,0,0,0,0,1360000000000,1346400000000,0
0,0x5585f99a9af13B73A6210EA9c8ca98b69f4a4b31,0,0,0,0,0,0,0,0,0,0,0,0,0,0,0,0,0,0,0,0,0,0,0,0,1000000000000000,1000000000000000,0,1000000000000000,1000000000000000,0,0,0,0,0,0,0,0,0,0,0,0,0,0,0,0,0,0,0,0,0,0,0,0,0,0,0,0,0,0,0,0,0,0,0,0,0,0,0,0,0,0,0,0,0,0,0,0,0,0,0,0,0,0,0,0,0,0,0,0,0,0,0,0,0,0,0,0,0,0,0,0,0,0,0,0,0,0,0,0,0,0,0,0,0,0,0,0,0,0,0,0,0,0,0,0,0,0,0,0,0,0,0,0,0,0,0,0,0,0,0,0,0,0,0,0,0,0,0,0,0,0,0,0,1000000000000000,1000000000000000,0,0,7990584840309421,0,0,420557096858390,0,0,0,0,0,0,0,0,28111391164,0,0,534116432134,0,0,0,0,0,0,0,0,0,0,0,0,0,0,0,0,0,0,0,0,0,0,0,0,0,0,0,0,0,0,0,0,0,0,0,0,0,0,0,0,0,0,0,0,0,0,0,0,0,0,0,0,0,0,0,0,0,0,0,0,0,0,0,0,0,0,0,0,0,0,0,0,0,0,0,0,0,0,0,0,0,0,0,0,0,0,0,0,0,0,0,0,0,0,0,130380029253222,0,0,2477220555811231,0,0,2563023082093584,0,0,134895951689136,0,0,0,0,0,0,0,0,0,0,0,0,0,0,0,0,0,0,0,0,0,0,0,0,0,0,0,0,0,0,0,0,0,0
0,0x8f3470A7388c05eE4e7AF3d01D8C722b0FF52374,0,0,0,0,0,0,0,0,0,0,0,0,0,0,0,0,0,0,0,0,0,0,0,0,0,0,0,0,0,0,0,0,0,0,0,0,0,0,0,0,0,0,0,0,0,0,0,0,0,0,0,0,0,0,0,0,0,0,0,0,0,0,0,0,0,0,0,0,0,0,0,0,0,0,0,0,0,0,0,0,0,0,0,0,0,0,0,0,0,0,0,0,0,0,0,0,0,0,0,0,0,0,0,0,0,0,0,0,0,0,0,0,0,0,0,0,0,0,0,0,0,0,0,0,0,0,0,0,0,0,0,0,0,0,0,0,0,0,0,0,0,0,0,0,0,0,0,0,0,0,0,0,0,0,0,0,0,0,0,0,0,0,0,0,0,0,0,0,0,0,0,0,0,0,0,0,0,0,0,0,0,0,0,0,0,0,0,0,0,0,0,0,0,0,0,0,0,0,0,0,0,0,0,0,0,0,0,0,0,0,0,0,0,0,0,0,0,0,0,0,0,0,0,0,0,0,0,0,0,0,0,0,0,0,0,0,0,0,0,0,0,0,0,0,0,0,0,0,0,0,0,0,0,0,0,0,0,0,0,0,0,0,0,0,0,0,0,0,0,0,0,0,0,0,0,0,0,0,0,0,0,0,0,0,0,0,0,0,0,0,0,0,0,0,0,0,0,0,0,0
0,0x15eBe584D7a0c28a3a4e73E5430B08324F3296f9,0,427530718163488,0,0,0,0,0,204590649294874,0,0,10042811007935344,0,0,260664015249779,0,0,264144881145326,0,0,267672229971672,0,0,13488542114624172,0,0,18159919531640966,0,0,0,0,0,1130463794910032,0,0,0,0,0,0,0,0,0,0,0,0,0,0,0,0,0,0,0,0,0,0,0,0,0,0,0,0,0,1206551340144609,0,0,0,0,0,0,0,0,0,0,0,0,0,0,0,0,0,0,0,0,0,0,0,0,0,0,0,0,0,0,0,0,0,0,0,0,0,0,0,0,0,0,0,0,24526459745654324,0,0,519834935387566,0,0,536304625917946,0,0,553296118058225,0,0,570825943808174,0,0,389185605856303,0,0,601241547016482,0,0,0,0,0,620290405681562,0,0,639942780551141,0,0,0,0,0,660217792550807,0,0,1435747121864449,0,0,0,0,0,726623282357332,0,0,66067606890565,0,0,495236300503390,0,0,858694768924046,0,0,0,0,0,763868849755696,0,0,520798305060319,0,0,0,0,0,804559727726092,0,0,1145603417643662,0,0,828410908362026,0,0,854641066789941,0,0,1858477669833049,0,0,1982513767206332,0,0,2114828120326953,0,0,2255973225763811,0,0,754513314526942,0,0,0,0,0,33302168942125155,0,0,1398661228083797,0,0,0,0,0,1457740566584712,0,0,36111529763143,0,0,1520840759753968,0,0,1585080951908712,0,0,1652034644646348,0,0,0,0,0,0,0,0,0,0,0,844579708606666,0,0,0,0,0,1757491435412011,0,0,0,0,0,1831727733194725,0,0,149710832813553,0,0,134874624156354,0,0,1095246445232122,0,0,8566402821064933,0,0,1283571811401489,0,0,1712883824514189,0,0,83658028316420,0,0,75367593077857,0,0,90872133152099,0,0,2286432598991155,0,0,0,0,0,0,0,0,1866650856811681,0,0,954215395673448,0,0,198411720058109,0,0,76539906248080,0,0,2321997155840619,0
0,0x20F7A3DdF244dc9299975b4Da1C39F8D5D75f05A,0,0,0,0,0,0,0,0,0,0,0,0,0,0,0,0,0,0,0,0,0,0,0,0,0,0,0,0,0,0,0,0,0,0,0,0,0,0,0,0,0,0,0,0,0,0,0,0,0,0,0,0,0,0,0,0,0,0,0,0,0,0,0,0,0,0,0,0,0,0,0,0,0,0,0,0,0,0,0,0,0,0,0,0,0,0,0,0,0,0,0,0,0,0,0,0,0,0,0,0,0,0,0,0,0,0,0,0,0,0,0,0,0,0,0,0,0,0,0,0,0,0,0,0,0,0,0,0,0,0,0,0,0,0,0,0,0,0,0,0,0,0,0,0,0,0,0,0,0,0,0,0,0,0,0,0,0,0,0,0,0,0,0,0,0,0,0,0,0,0,0,0,0,0,0,0,0,0,0,0,0,0,0,0,0,0,0,0,0,0,0,0,0,0,0,0,0,0,0,0,0,0,0,0,0,0,0,0,0,0,0,0,0,0,0,0,0,0,0,0,0,0,0,0,0,0,0,0,0,0,0,0,0,0,0,0,0,0,0,0,0,0,0,0,0,0,0,0,0,0,0,0,0,0,0,0,0,0,0,0,0,0,0,0,0,0,0,0,0,0,0,0,0,0,0,0,0,0,0,0,0,0,0,0,0,0,0,0,0,0,0,0,0,0,0,0,0,0,0,0
0,0xb746Aed479f18287DC8FC202Fe06F25F1A0a60ae,0,1366829928000000,0,0,0,0,1366829928000000,0,0,0,0,0,0,499999882285530000,0,0,499999998506920000,0,0,0,0,0,499999987229890000,0,0,0,0,0,499999999597880000,0,0,21205915192000000,0,21205915192000000,0,0,3878366365000000,3878366365000000,0,0,0,0,0,499999999968000000,0,499999999968000000,0,0,499999882285530000,0,0,0,0,0,499999998506920000,0,0,0,0,0,499999999597880000,0,0,0,499999999752000000,0,499999987229890000,0,0,499999999752000000,0,0,0,499999999296000000,0,499999999296000000,0,0,0,499999999296000000,0,499999999296000000,0,0,0,499999999296000000,0,499999999296000000,0,0,0,99999999834000000,0,99999999834000000,0,0,0,99999999435000000,0,99999999435000000,0,0,0,4205230305000000,0,17759261870000000,17759261870000000,0,4205230305000000,0,0,0,0,0,0,17653236426000000,0,4852558368000000,4852558368000000,0,0,0,0,0,4823674092000000,0,4823674092000000,0,0,17653236426000000,0,0,5057194000000000,5057194000000000,0,0,0,0,0,0,0,0,499999999378000000,0,0,18731881086000000,0,499999999378000000,0,0,0,0,0,18731881086000000,0,0,0,20003954388000000,0,20003954388000000,0,0,0,21076182831000000,0,21076182831000000,0,0,0,22202588733000000,0,22202588733000000,0,0,0,23546552814000000,0,23546552814000000,0,0,0,114867722400000000,0,114867722400000000,0,0,0,499994695200000000,0,499994695200000000,0,0,0,499999957800000000,0,499999957800000000,0,0,0,499999987200000000,0,0,499999966000000000,0,499999966000000000,0,0,499999987200000000,0,0,0,49995600000000000,0,0,0,0,0,507130000000000,0,0,0,0,0,0,0,43523000000000000,43523000000000000,0,6130000000000000,6130000000000000,0,0,0,0,0,0,0,0,0,0,49995600000000000,0,0,0,611000000000000,0,0,42770000000000000,0,0,6110000000000000,0,49998130000000000,0,0,0,49768700000000000,0,49768700000000000,0,0,0,40146300000000000,0,0,9367470000000000,0,49513770000000000,0,0,0,34396000000000000,0,0,42568890000000000,0,0,49530240000000000,0,34396000000000000,0,0,49530240000000000,0,0,6906150000000000,6906150000000000,0,0,0,0,0,6865950000000000,0,28981260000000000,28981260000000000,0,49434840000000000,0,0
0,0xF4DD29BfD2698Db644218493DCcb36F0915c8617,0,10000000000000000,0,0,100000000000000000,0,0,10000000000000000,0,100000000000000000,0,0,0,10000000000000000,0,0,2283800000000000000,0,0,7046975000000000000,0,0,299475000000000000,0,0,0,0,350000000000000,0,0,0,272250000000000000,0,0,10000000000000000,0,10000000000000000,0,0,0,10000000000000000,0,10000000000000000,0,0,0,0,0,1300000000000000000,0,0,0,10000000000000000,0,0,2000000000500000,0,0,247500000000000000,0,10000000000000000,0,0,0,0,0,8500000000000000000,0,0,0,4712091217590000000,0,0,225000000000000000,0,700000,0,0,10000000000000000,0,0,10000000000000000,0,0,0,0,0,0,10000000000000000,0,10000000000000000,0,0,0,10000000000000000,0,0,20000000000000000,0,0,379087824045000000,0,5200000000000000000,0,0,0,4211996606450000000,0,0,9790000000000000,0,9790000000000000,0,0,0,0,0,100000000000,0,0,2000000000000000,0,0,0,20000000000000000,0,0,10000000000000000,0,0,0,0,4020000000000000000,0,0,0,170082925085000000,0,0,4050000000000000000,0,4050000000000000000,0,0,10000000000000000,0,0,10000000000000000,0,0,0,10000000005000000,0,20000000000000000,0,0,0,3471741426820000000,0,0,0,0,0,10000000000000000,0,1000000000000000000,0,0,0,20000000000000000,0,3300000000000000000,0,0,10000000000000000,0,0,0,100000000000000000,0,0,598341498260000000,0,0,3346387965050000000,0,10000000000000000,0,0,20000000000000000,0,0,20000000000000000,0,0,10000000000000000,0,0,0,11000000000000000,0,9000000000000000,0,0,2000000000000000,0,0,0,3260564400890000000,0,0,10000000000000000,0,0,10000000000000000,0,0,295185241880000000,0,0,0,0,3900000000000000000,0,0,0,50000000000000000,0,0,0,0,500000000000000000,0,0,100000000000000000,0,0,0,20000000000000000,0,0,200000000000000000,0,10000000000000000,0,0,10000000000000000,0,0,600000000000000,0,0,0,445570237390000000,0,0,0,0,10000000000000000,0,0,20000000000000000,0,0,3120000000000000000,0,0,0,2391521243320000000,0,0,0,0,50000000000000000,0,0,0,5000000000000000,0,5000000000000000,0,0,0,0,0,100000000000000000,0,0,0,0,0,0,5600000000000000,0,5600000000000000,0,0,0,20000000000000000,0
0,0x595A47e57b3Ec34031429D2abf9c941e4e3a8D99,0,1000000000000000,0,1001000000000000,0,0,0,200000000000000000,0,200200000000000000,0,0,0,200000000000000000,0,200200000000000000,0,0,1001000000000000,0,0,200200000000000,0,0,6006000000000000,0,0,10010000000000,0,0,100100000000000,0,0,0,50000000000000000,0,50050000000000000,0,0,0,9000000000000000,0,9009000000000000,0,0,9009000000000000,0,0,3003000000000000,0,0,0,10000000000000000,0,10010000000000000,0,0,0,25000000000000000,0,25025000000000000,0,0,900900000000000,0,0,50050000000,0,0,3003000000000000,0,0,6506500000000000,0,0,1001000000000000,0,0,10010000000000000,0,0,0,10000000000000000000,0,10010000000000000000,0,0,0,256649430000000000,0,0,7165000000000000000,0,7172165000000000000,0,0,0,14570000000000000000,0,14584570000000000000,0,0,0,500000000000000000,0,500500000000000000,0,0,0,45000000000000000000,0,45045000000000000000,0,0,0,186950000000000000000,0,187136950000000000000,0,0,0,2329190000000000000,0,2331519190000000000,0,0,10010000000000000,0,0,10010000000000000,0,0,0,10000000000000000,0,10010000000000000,0,0,100100000000000000,0,0,0,2000000000000000,0,2002000000000000,0,0,0,2000000000000000,0,2002000000000000,0,0,10010000000000,0,0,0,1230000000000000,0,1231230000000000,0,0,0,0,0
0,0xee44B11148486c05112d6418b987D8B8C2632E8f,0,0,0,1000000000000000,0,0,0,18000000000000,0,0,1882000000000000,0,0,0,0,1000000000000000,0,0,1000000000000000,0,0,0,1000000000000000,0,1000000000000000,0,0,0,1000000000000000,0,1000000000000000,0,0,5000000000000000,0,0,0,0,0,0,0,0,0,0,0,5000000000000000,0,0,5000000000000000,0,0,5000000000000000,0,0,0,0,0,0,100000000000000,0,0,18000000000000,0,0,1882000000000000,0,0,0,0,1000000000000000,0,0,1000000000000000,0,0,0,0,0,0,1000000000000000,0,1000000000000000,0,0,1000000000000000,0,0,0,1000000000000000,0,1000000000000000,0,0,0,300000000000000,0,0,64700000000000000,0,0,35000000000000000,0,0,0,0,50000000000000000,0,0,50000000000000000,0,0,0,18000000000000,0,0,1882000000000000,0,0,0,0,8000000000000000,0,0,1000000000000000,0,0,8000000000000000,0,0,1000000000000000,0,0,1000000000000000,0,0,1000000000000000,0,0,1000000000000000,0,0,0,0,0,1000000000000000,0,0,1000000000000000,0,0,1000000000000000,0,0,0,0,0
0,0xf5fCfeA8331A44a5a7239BC75BC8b3CF4e2193e0,0,2514882556775012,0,0,0,0,10000000000000000,0,0,0,0,0,10000000000000000,0,0,0,0,0,0,0,0,14000000000000000,0,0,17000000000000000,0,0,0,0,0,0,35100000000000000,0,0,0,0,0,7308804832775200,0,0,0,0,0,0,0,0,0,0,0,0,0,0,0,0,13000000000000000,0,0,16000000000000000,0,0,0,9453761264041107,0,0,10723304361286452,0,0,0,0,0,0,0,14000000000000000,0,0,0,0,0,0,0,0,13000000000000000,0,0,0,5930236503584460,0,0,0,0,0,0,0,0,11072396153274758,0,0,0,0,0,0,0,12000000000000000,0,0,12000000000000000,0,0,0,2975002447029756,0,0,0,0,0,0,0,0,0,0,0,0,0,15000000000000000,0,0,0,0,0,0,2870250694,0,0,0,0,0,0,0,0,0,0,0,605072806669449,0,0,1522137166995609,0,0,3698122796772480,0,0,0,0,0,0,0,0,0,0,0,2215975650443084,0,0,0,0,0,0,0,0,0,0,0,1342780975780948,0,0,0,0,0,1548635588767215,0,0,0,0,0,0,0,0,0,0,0,0,0,0,0,0,0,0,0,0,0,0,0,0,0,0,0,0,14000000000000000,0,0,0,0,0,0,136270124071800,0,0,0,0,0,542751552073458,0,0,0,0,0,0,0,0,0,0,0,6034818331128,0,0,0,0,0,463766760183012,0,0,0,0,0,0,0,0,0,0,0,0,0,0,0,0,0,0,0,0,0,0,0,260286373966750,0,0,0,0,0,332271131090832,0,0,0,0,0,0,0,0,0,0,0,312335728089640,0,0,0,0,0,0,0,0,0,0,0,0,0,0,2712860203939210,0,0,0,0
0,0xc2dAE00a6D0b2e9ca084c1c521b77aF3DC4c08cA,0,0,0,0,0,0,0,0,0,0,0,0,0,0,0,0,0,0,0,0,0,0,0,0,0,0,0,0,0,0,0,0,0,0,0,0,0,0,0,0,0,0,0,0,0,0,0,0,0,0,0,0,0,0,0,0,0,0,0,0,0,0,0,0,0,0,0,0,0,0,0,0,0,0,0,0,0,0
0,0xAf30D2a7E90d7DC361c8C4585e9BB7D2F6f15bc7,0,0,0,0,0,0,0,0,0,0,0,0,0,0,0,0,0,0,0,0,0,0,0,0,0,0,0,0,0,0,0,0,0,0,0,0,0,0,0,0,0,0,0,0,0,0,0,0,0,0,0,0,0,0,0,0,0,0,0,0,0,0,0,0,0,0,0,0,0,0,0,0,0,0,0,0,0,0,0,0,0,0,0,0,0,0,0,0,0,0,0,0,0,0,0,0,0,0,0,0,0,0,0,0,0,0,0,0,0,0,0,0,0,0,0,0,0,0,0,0,0,0,0,0,0,0,0,0,0,0,0,0,0,0,0,0,0,0,0,0,0,0,0,0,0,0,0,0,0,0,0,0,0,0,0,0,0,0,0,0,0,0,0,0,0,0,0,0,0,0,0,0,0,0,0,0,0,0,0,0,0,0,0,0,0,0,0,0,0,0,0,0,0,0,0,0,0,0,0,0,0,0,0,0,0,0,0,0,0,0,0,0,0,0,0,0,0,0,0,0,0,0,0,0,0,0,0,0,0,0,0,0,0,0,0,0,0,0,0,0,0,0,0,0,0,0,0,0,0,0,0,0,0,0,0,0,0,0,0,0,0,0,0,0,0,0,0,0,0,0,0,0,0,0,0,0,0,0,0,0,0,0,0,0,0,0,0,0,0,0,0,0,0,0,0,0,0,0,0,0
0,0x79Ef5b79dC1E6B99fA9d896779E94aE659B494F2,0,0,0,0,0,0,0,0,0,0,0,0,0,0,0,0,0,0,0,0,0,0,0,0,0,0,0,0,0,0,0,0,0,0,0,0,0,0,0,0,0,0,0,0,0,0,0,0,0,0,0,0,0,0,0,0,0,0,0,0,0,0,0,0,0,0,0,0,0,0,0,0,0,0,0,0,0,0,0,0,0,0,0,0,0,0,0,0,0,0,0,0,0,0,0,0,0,0,0,0,0,0,0,0,0,0,0,0,0,0,0,0,0,0,0,0,0,0,0,0,0,0,0,0,0,0,0,0,0,0,0,0,0,0,0,0,0,0,0,0,0,0,0,0,0,0,0,0,0,0,0,0,0,0,0,0,0,0,0,0,0,0,0,0,0,0,0,0,0,0,0,0,0,0,0,0,0,0,0,0,0,0,0,0,0,0,0,0,0,0,0,0,0,0,0,0,0,0,0,0,0,0,0,0,0,0,0,0,0,0,0,0,0,0,0,0,0,0,0,0,0,0,0,0,0,0,0,0,0,0,0,0,0,0,0,0,0,0,0,0,0,0,0,0,0,0,0,0,0,0,0,0,0,0,0,0,0,0,0,0,0,0,0,0,0,0,0,0,0,0,0,0,0,0,0,0,0,0,0,0,0,0,0,0,0,0,0,0,0,0,0,0,0,0,0,0,0,0,0,0
0,0x1d462414fe14cf489c7A21CaC78509f4bF8CD7c0,0,0,0,0,0,0,0,0,0,0,0,0,0,0,0,0,0,0,0,0,0,0,0,0,0,0,0,0,0,0,0,0,0,0,0,0,0,0,0,0,0,0,0,0,0,0,0,0,0,0,0,0,0,0,0,0,0,0,0,0,0,0,0,0,0,0,0,0,0,0,0,0,0,0,0,0,0,0,0,0,0,0,0,0,0,0,0,0,0,0,0,0,0,0,0,0,0,0,0,0,0,0,0,0,0,0,0,0,0,0,0,0,0,0,0,0,0,0,0,0,0,0,0,0,0,0,0,0,0,0,0,0,0,0,0,0,0,0,0,0,0,0,0,0,0,0,0,0,0,0,0,0,0,0,0,0,0,0,0,0,0,0,0,0,0,0,0,0,0,0,0,0,0,0,0,0,0,0,0,0,0,0,0,0,0,0,0,0,0,0,0,0,0,0,0,0,0,0,0,0,0,0,0,0,0,0,0,0,0,0,0,0,0,0,0,0,0,0,0,0,0,0,0,0,0,0,0,0,0,0,0,0,0,0,0,0,0,0,0,0,0,0,0,0,0,0,0,0,0,0,0,0,0,0,0,0,0,0,0,0,0,0,0,0,0,0,0,0,0,0,0,0,0,0,0,0,0,0,0,0,0,0,0,0,0,0,0,0,0,0,0,0,0,0,0,0,0,0,0,0
1,0xD1CEeeeee83F8bCF3BEDad437202b6154E9F5405,0,28282857142857142857,0,0,111363636363636363,0,30000000000000000,0,0,0,1,0,0,35640000000000000,0,10000000000000000000,0,0,100000000000000000,0,0,0,1,0,30000000000000000,0,0,30000000000000000,0,0,30000000000000000,0,0,0,1,0,0,1,0,0,47142857142857142,0,5000000000000000000,0,0,50000000000000000,0,0,30000000000000000,0,0,0,59400000000000000,0,0,39600000000000000,0,0,1,0,30000000000000000,0,0,30000000000000000,0,0,100000000000000000,0,0,0,1,0,0,1,0,0,554625000000000000,0,0,111363636363636363,0,0,117600000000000000,0,100000000000000000,0,0,250000000000000000,0,0,5000000000000000000,0,0,50000000000000000,0,0,0,1,0,0,1,0,0,1,0,100000000000000000,0,0,70000000000000000,0,0,30000000000000000,0,0,0,1,0,30000000000000000,0,0,0,1,0,1000000000000000000,0,0,30000000000000000,0,0,0,1,0,0,1,0,30000000000000000,0,0,0,1,0,30000000000000000,0,0,0,117600000000000000,0,30000000000000000,0,0,100000000000000000,0,0,0,115294117647058823,0,0,1,0,100000000000000000,0,0,30000000000000000,0,0,0,196000000000000000,0,0,35640000000000000,0,0,988000000000000000,0,100000000000000000,0,0,0,0,0,500000000000000000,0,0,30000000000000000,0,0,0,19400000000000000,0,0,35640000000000000,0,30000000000000000,0,0,0,1,0,0,1,0,10000000000000000,0,0,230000000000000000,0,0,160000000000000000,0,0,0,35640000000000000,0,30000000000000000,0,0,0,35640000000000000,0,30000000000000000,0,0,0,35640000000000000,0,0,1,0,30000000000000000,0,0,100000000000000000,0,0,0,1,0,0,1,0,110000000000000000,0,0,0,1,0,150000000000000000,0,0,50000000000000000,0,0,0,314800000000000000,0,0,111363636363636363,0,0,35640000000000000,0,0,1,0,20000000000000000,0,0,30000000000000000,0,0,160000000000000000,0,0,100000000000000000,0,0,0,35640000000000000,0,0,1,0,0,394000000000000000,0,0,1,0,0,493000000000000000,0,0,1,0,30000000000000000,0,0,100000000000000000,0,0
1,0x8995AD7dEaBd17c31b62AC89EE5f7D850a4BeDb0,0,1000000000000000000,0,2000000000000000,0,0,2000000000000000,0,0,1000000000000000000,0,0,0,0,0,0,0,0,0,0,0,0,0,0,0,0,0,0,0,0,100000000000,0,0,0,549947368421052600,0,5000000000000000,0,0,0,15194880000000000,0,11871000000000000,0,0,500000000000000,0,0,0,321000000000000000,0,111000000000000000,0,0,210000000000000000,0,0,0,384000000000000,0,100000000000000,0,0,0,12800000000000000,0,10000000000000000,0,0,0,0,0,1800000000000000,0,0,0,103876042105263157,0,102794000000000000,0,0,0,100000000000000000,0,0,0,0,46036000000000000,0,0,0,0,0,48294000000000000,0,0,0,10105263157894736,0,10000000000000000,0,0,3460000000000000,0,0,0,0,0,0,24949894736842105,0,24690000000000000,0,0,0,10105263157894736,0,10000000000000000,0,0,22300000000000010,0,0,0,10105263157894736,0,0,0,0,10000000000000000,0,0,0,0,0,7000000000000000,0,0,18800000000000003,0,0,8800000000000000,0,0,0,0,0,1000000000000000,0,0,0,0,0,0,5052631578947368,0,5000000000000000,0,0,550000000000000000,0,0,0,189998400000000000,0,0,0,0,0,0,0,3958300000000000,0,0,2705000000000000,0,0,4080900000000000,0,0,0,0,0,5000000000000000,0,0,0,0,0,5000000000000000,0,0,0,0,0,5000000000000000,0,0,0,0,0,5000000000000000,0,0,0,0,0,5000000000000000,0,0,0,0,0,5000000000000000,0,0,0,0,0,5000000000000000,0,0,0,0,0,5000000000000000,0,0,0,10000000000000000,0,5000000000000000,0,0,0,9600000000000000,0,5000000000000000,0,0,0,0,0,4000000000000000,0,0,4000000000000000,0,0,0,0,0,1000000000000000,0,0,0,0,0,1000000000000000,0,0,0,0,0,0,0,0,1000000000000000,0,0,1000000000000000,0,0,1000000000000000,0,0,1000000000000000,0,0,1000000000000000,0,0,0,0,0,1000000000000000,0,0,0,1371428571428571,0,1000000000000000,0,0,0,0,0,0,0,0
1,0x07859fEc7b937c695F1f807255CfC4A13c7b7138,100000000000000000,0,0,10000000000000000,0,0,0,0,0,40000000000000000,0,0,10000000000000000,0,0,10000000000000000,0,0,10000000000000000,0,0,10000000000000000,0,0,10000000000000000,0,0,0,11500000000000000,0,0,550000000000000000,0,0,11500000000000000,0,0,29000000000000000,0,0,11200000000000000,0,0,155000000000000000,0,0,31000000000000000,0,500000000000000000,0,0,50000000000000000,0,0,100000000000000000,0,0,40000000000000000,0,0,40000000000000000,0,0,500000000000000000,0,0,1000000000000000000,1000000000000000000,0,0,0,0,0,0,0,0,0,0,100000000000000000,0,0,10000000000000000,0,0,20000000000000000,0,0,10000000000000000,0,0,0,0,0,0,0,0,10000000000000000,0,0,50000000000000000,0,0,30000000000000000,0,0,0,14700000000000000,0,0,14700000000000000,0,0,29400000000000000,0,0,65000000000000000,0,40000000000000000,0,0,10000000000000000,0,0,50000000000000000,0,0,30000000000000000,0,0,10000000000000000,0,0,10000000000000000,0,0,0,0,0,0,0,0,0,0,0,0,0,0,0,0,0,20000000000000000,0,0,10000000000000000,0,0,200000000000000000,0,0,30000000000000000,0,0,2000000000000000000,0,0,10000000000000000,0,0,10000000000000000,0,0,0,42900000000000000,0,10000000000000000,0,0,500000000000000000,0,0,40000000000000000,0,0,50000000000000000,0,0,50000000000000000,0,0,30000000000000000,0,0,20000000000000000,0,0,10000000000000000,0,0,50000000000000000,0,0,0,0,0,200000000000000000,0,0,200000000000000000,0,0,10000000000000000,0,0,0,56000000000000000,0,10000000000000000,0,0,50000000000000000,0,0,10000000000000000,0,0,0,0,0,0,2100000000000000000,0,0,49000000000000000,0,0,12300000000000000,0,10000000000000000,0,0,10000000000000000,0,0,0,0,0,0,11500000000000000,0,0,1600000000000000000,0,0,15200000000000000,0,0,33600000000000000,0,10000000000000000,0,0,0,26500000000000000,0,50000000000000000,0,0,10000000000000000,0,0,10000000000000000,0,0,50000000000000000,0,0,0,0,0,0,0,0,0,0,0,0,0,0,0,0,0,0,0,0,0,0,0,0,0,0,0,0,0,0,0,0,0,0,0,0,0,0,0,0,0,10000000000000000,0,0,10000000000000000,0,0,10000000000000000,0,0,10000000000000000,0,0
1,0xbFB45549E5630E1F4e6BB4D3F7132563100e08C9,20000000000000000,0,0,0,196000000000000000,0,20000000000000000,0,0,0,19600000000000000,0,20000000000000000,0,0,0,19600000000000000,0,20000000000000000,0,0,0,19600000000000000,0,0,0,0,20000000000000000,0,0,20000000000000000,0,0,0,0,0,20000000000000000,0,0,0,0,0,0,19600000000000000,0,20000000000000000,0,0,0,19600000000000000,0,20000000000000000,0,0,0,0,0,0,19600000000000000,0,0,0,0,20000000000000000,0,0,20000000000000000,0,0,20000000000000000,0,0,20000000000000000,0,0,0,0,0,0,0,0,20000000000000000,0,0,0,19600000000000000,0,20000000000000000,0,0,0,0,0,20000000000000000,0,0,0,19600000000000000,0,20000000000000000,0,0,0,19600000000000000,0,20000000000000000,0,0,0,19600000000000000,0,0,0,0,20000000000000000,0,0,20000000000000000,0,0,0,19600000000000000,0,20000000000000000,0,0,20000000000000000,0,0,20000000000000000,0,0,20000000000000000,0,0,20000000000000000,0,0,20000000000000000,0,0,200000000000000000,0,0,0,196000000000000000,0,200000000000000000,0,0,0,19600000000000000,0,20000000000000000,0,0,0,156800000000000000,0,240000000000000000,0,0,0,19600000000000000,0,20000000000000000,0,0,0,19600000000000000,0,25000000000000000,0,0,0,19600000000000000,0,20000000000000000,0,0,20000000000000000,0,0,0,0,0,20267479805274700,20267479805274700,0,0,19600000000000000,0,20000000000000000,0,0,0,39200000000000000,0,40000000000000000,0,0,0,0,0,20267479805274700,20267479805274700,0,0,0,0,0,39200000000000000,0,40000000000000000,0,0,0,19600000000000000,0,20000000000000000,0,0,0,0,0,20267479805274700,20267479805274700,0,0,19600000000000000,0,20000000000000000,0,0,0,78400000000000000,0,80000000000000000,0,0,0,176400000000000000,0,180000000000000000,0,0,0,117600000000000000,0,120000000000000000,0,0,0,39200000000000000,0,40000000000000000,0,0,0,98000000000000000,0,100000000000000000,0,0,0,117600000000000000,0,120000000000000000,0,0,0,19600000000000000,0,20000000000000000,0,0,0,0,0,0,98000000000000000,0,20000000000000000,98000000000000000,0,100000000000000000,0,0,0,39200000000000000,0,40000000000000000,0,0,0,98000000000000000,0,160000000000000000,0,0
1,0x419d0d8bdd9af5e606ae2232ed285aff190e711b,0,0,0,0,0,0,0,0,0,0,0,0,0,0,0,0,0,0,0,0,0,0,0,0,0,0,0,0,0,0,0,0,0,0,0,0,0,0,0,0,0,0,0,0,0,0,0,0,0,0,0,0,0,0,0,0,0,0,0,0,0,0,0,0,0,0,0,0,0,0,0,0,0,0,0,0,0,0,0,0,0,0,0,0,0,0,0,0,0,0,0,0,0,0,0,0,0,0,0,0,0,0,0,0,0,0,0,0,0,0,0,0,0,0,0,0,0,0,0,0,0,0,0,0,0,0,0,0,0,0,0,0,0,0,0,0,0,0,0,0,0,0,0,0,0,0,0,0,0,0,0,0,0,0,0,0,0,0,0,0,0,0,0,0,0,0,0,0,0,0,0,0,0,0,0,0,0,0,0,0,0,0,0,0,0,0,0,0,0,0,0,0,0,0,0,0,0,0,0,0,0,0,0,0,0,0,0,0,0,0,0,0,0,0,0,0,0,0,0,0,0,0,0,0,0,0,0,0,0,0,0,0,0,0,0,0,0,0,0,0,0,0,0,0,0,0,0,0,0,0,0,0,0,0,0,0,0,0,0,0,0,0,0,0,0,0,0,0,0,0,0,0,0,0,0,0,0,0,0,0,0,0,0,0,0,0,0,0,0,0,0,0,0,0,0,0,0,0,0,0
1,0xBc5716fb981c03DD0B50909F7581C53f6461d72C,0,13778044843479030,0,10000000000000000,0,0,10000000000000000,0,0,40000000000000000,0,0,10000000000000000,0,0,10000000000000000,19000000000000000,0,30000000000000000,19000000000000000,0,20000000000000000,0,0,20000000000000000,0,0,20000000000000000,19000000000000000,0,10000000000000000,0,0,10000000000000000,0,0,10000000000000000,19000000000000000,0,10000000000000000,0,0,10000000000000000,19000000000000000,0,10000000000000000,0,0,10000000000000000,0,0,10000000000000000,19000000000000000,0,10000000000000000,19000000000000000,0,10000000000000000,0,0,10000000000000000,0,0,30000000000000000,57000000000000000,0,20000000000000000,90000000000000000,0,10000000000000000,0,0,10000000000000000,19000000000000000,0,1000000000000000000,0,0,10000000000000000,19000000000000000,0,10000000000000000,0,0,10000000000000000,19000000000000000,0,10000000000000000,0,0,20000000000000000,0,0,10000000000000000,0,0,10000000000000000,19000000000000000,0,10000000000000000,0,0,10000000000000000,19000000000000000,0,10000000000000000,0,0,20000000000000000,0,0,10000000000000000,0,0,20000000000000000,19000000000000000,0,10000000000000000,19000000000000000,0,10000000000000000,19000000000000000,0,10000000000000000,19000000000000000,0,20000000000000000,19000000000000000,0,10000000000000000,0,0,10000000000000000,0,0,10000000000000000,19000000000000000,0,10000000000000000,0,0,10000000000000000,0,0,10000000000000000,19000000000000000,0,20000000000000000,19000000000000000,0,20000000000000000,19000000000000000,0,500000000000000000,0,0,0,0,0
1,0x6a21a83da9863d929A3D70c55bee2536fA48D544,30000000000000000,0,0,20000000000000000,0,0,10000000000000000,0,0,0,0,0
1,0xb1dD53e2A7b01E49887b6b3EA538d54662c87D39,3000000000000000,0,0,2000000000000000,0,0,1000000000000000,0,0,3000000000000000,0,0,1000000000000000,0,0,1000000000000000,800000000000000,0,1000000000000000,7200000000000000,0,2000000000000000,0,0,2000000000000000,0,0,2000000000000000,0,0,1000000000000000,0,0,0,0,0
1,0x8d8AbB4Dc065BBD45b7Ddb281DdF17e94d66b7dC,588411000000000000,0,0,438561000000000000,0,0,435564000000000000,0,0,478521000000000000,0,0,410589000000000000,0,0,429570000000000000,0,0,426573000000000000,0,0,435564000000000000,0,0,424575000000000000,0,0,570429000000000000,0,0,461538000000000000,0,0,576423000000000000,0,0,484515000000000000,0,0,540459000000000000,0,0,568431000000000000,0,0,422577000000000000,0,0,540459000000000000,0,0,439560000000000000,0,0,463536000000000000,0,0,594405000000000000,0,0,519480000000000000,0,0,597402000000000000,0,0,479520000000000000,0,0,457542000000000000,0,0,520479000000000000,0,0,541458000000000000,0,0,0,150667000000000000,0,0,1506672000000000000,0,0,15066725000000000000,0,484515000000000000,0,0,512487000000000000,0,0,434565000000000000,0,0,570429000000000000,0,0,541458000000000000,0,0,451548000000000000,0,0,416583000000000000,0,0,443556000000000000,0,0,574425000000000000,0,0,567432000000000000,0,0,458541000000000000,0,0,577422000000000000,0,0,488511000000000000,0,0,399600000000000000,0,0,471528000000000000,0,0,575424000000000000,0,0,492507000000000000,0,0,449550000000000000,0,0,471528000000000000,0,0,499500000000000000,0,0,578421000000000000,0,0,422577000000000000,0,0,438561000000000000,0,0,525474000000000000,0,0,478521000000000000,0,0,572427000000000000,0,0,0,34593436000000000000,0,585414000000000000,0,0,576423000000000000,0,0,490509000000000000,0,0,458541000000000000,0,0,451548000000000000,0,0,441558000000000000,0,0,562437000000000000,0,0,584415000000000000,0,0,577422000000000000,0,0,548451000000000000,0,0,541458000000000000,0,0,576423000000000000,0,0,554445000000000000,0,0,549450000000000000,0,0,548451000000000000,0,0,500499000000000000,0,0,558441000000000000,0,0,517482000000000000,0,0,526473000000000000,0,0,541458000000000000,0,0,539460000000000000,0,0,441558000000000000,0,0,419580000000000000,0,0,541458000000000000,0,0,477522000000000000,0,0,496503000000000000,0,0,410589000000000000,0,0,412587000000000000,0,0,543456000000000000,0,0,433566000000000000,0,0,492507000000000000,0,0,404595000000000000,0,0,566433000000000000,0,0,599400000000000000,0,0,499500000000000000,0,0,413586000000000000,0,0,467532000000000000,0,0,425574000000000000,0,0,440559000000000000,0,0,407592000000000000,0,0,565434000000000000,0,0,497502000000000000,0,0,475524000000000000,0,0,538461000000000000,0,0
1,0x29fe7D60DdF151E5b52e5FAB4f1325da6b2bD958,0,0,0,0,0,0,0,0,0,0,0,0,0,0,0,0,0,0,0,0,0,0,0,0,0,0,0,0,0,0,0,0,0,0,0,0,0,0,0,0,0,0,0,0,0,0,0,0,0,0,0,0,0,0,0,0,0,0,0,0,0,0,0,0,0,0,0,0,0,0,0,0,0,0,0,0,0,0,0,0,0,0,0,0,0,0,0,0,0,0,0,0,0,0,0,0,0,0,0,0,0,0,0,0,0,0,0,0,0,0,0,0,0,0,0,0,0,0,0,0,0,0,0,0,0,0,0,0,0,0,0,0,0,0,0,0,0,0,0,0,0,0,0,0,0,0,0,0,0,0,0,0,0,0,0,0,0,0,0,0,0,0,0,0,0,0,0,0,0,0,0,0,0,0,0,0,0,0,0,0,0,0,0,0,0,0,0,0,0,0,0,0,0,0,0,0,0,0,0,0,0,0,0,0,0,0,0,0,0,0,0,0,0,0,0,0,0,0,0,0,0,0,0,0,0,0,0,0,0,0,0,0,0,0,0,0,0,0,0,0,0,0,0,0,0,0,0,0,0,0,0,0,0,0,0,0,0,0,0,0,0,0,0,0,0,0,0,0,0,0,0,0,0,0,0,0,0,0,0,0,0,0,0,0,0,0,0,0,0,0,0,0,0,0,0,0,0,0,0,0
1,0x50A63b640E901DeCe09A4bA6230D93A6F11A19B7,0,1300000000000000,0,1000000000000000,4000000000000000,0,0,0,0,100000000000000,4000000000000000,0,1000000000000000,4000000000000000,0,0,0,0,0,13000000000000000,0,10000000000000000,4000000000000000,0,0,13000000000000000,0,10000000000000000,4000000000000000,0,0,2600000000000000,0,2000000000000000,4000000000000000,0,0,0,0,20000000000000000,4000000000000000,0,0,13000000000000000,0,10000000000000000,4000000000000000,0,0,13000000000000000,0,10000000000000000,0,0,500000000000000000,0,0,0,0,0
1,0xb3746D30F2A579a2efe7F2F6E8E06277a78054C1,1990000000000000000,0,0,382202550000000000,0,0,0,0,0,0,0,0,116300000000000000,0,0,0,0,0,0,0,0,69811000000000000,0,0,499794200000000000,0,0,499811000000000000,0,0,8990051680371492000,0,0,1000000000000000000,0,0,196816720000000000,0,0,77312080000000000,0,0,77774220000000000,0,0,559861400000000000,0,0,699347922539754500,0,0,160567220000000000,0,0,500000000000000000,0,0,379874000000000000,0,0,148758510000000000,0,0,0,0,0,1416049890000000000,0,0,9927000000000000,0,0,23601000000000000,0,0,0,0,0,0,0,0,2660918628750808000,0,0,0,0,0,0,0,0,1040000000000000000,0,0,1622939210000000000,0,0,500000000000000000,0,0,19722800000000000,0,0,233935400000000000,0,0,0,0,0,598518000000000,0,0,0,0,0,104109210000000000,0,0,0,0,0,26600800000000,0,0,512065400000000,0,0,269000000000000000,0,0,46867700000000000,0,0,30130200000000000,0,0,0,0,0,332819000000000,0,0,0,0,0,399012000000000,0,0,0,0,0,59811000000000000,0,0,528193095349439500,0,0,31811000000000000,0,0,1011937950000000000,0,0,4438000000000000000,0,0,499811000000000000,0,0,1214093250000000000,0,0,127944880000000000,0,0,0,0,0,179000689398539639,0,0,12943508000000000,0,0,152811000000000000,0,0,0,0,0,465367000000000,0,0,178440241813950470,0,0,0,0,0,399012000000000,0,0,0,0,0,193334300000000,0,0,6666700000000,0,0,400002000000000,0,0,15874000000000000,0,0,183950000000000000,0,0,0,0,0,406730482462190630,0,0,190000000000000000,0,0,0,0,0,598518000000000,0,0,3500000000000000000,0,0,0,0,0,565267000000000,0,0,66740480000000000,0,0,0,0,0,164323020000000000,0,0,573723000000000,0,0,99800500000000000,0,0,29769000000000000,0,0,0,0,0,330260000000000,0,0,0,0,0,605168200000000,0,0,21025728000000000,0,0,0,0,0,763895000000000,0,0,0,0,0,19933500000000,0,0,598005000000000,0,0,1827930821182193000,0,0,25033952000000000,0,0,2999853000000000000,0,0
1,0x1d4f123BDA7614084094f75aC13Fb217222C737b,0,5290707465091985,0,0,227232041693869250,0,0,0,0,263000000000000000,0,0,0,0,0,0,485,0,0,0,0,0,0,0,0,0,0,50000000000000000,0,0,482370000000000,0,0,0,0,0,482320000000000,0,0,0,0,0,300000000000000000,0,0,0,0,0,0,16171933987019674340,0,0,15476121977710987477,0,0,0,0,0,0,0,160000000000000000,0,0,0,73999232913376333,0,0,71878199748121834,0,0,0,0,600000000000000,0,0,0,25919964889561571,0,0,0,0,30000000000000000,0,0,0,134120854387577367,0,0,0,0,0,1408979127071138230,0,0,0,0,0,1080875473311610753,0,0,0,0,0,616288589528410731,0,0,0,0,0,2352080122055527182,0,0,0,0,0,134430534898252091,0,0,0,0,0,0,0,0,0,0,0,7757954732324925,0,0,254161421964336,0,0,11335259289844700,0,0,2583482040221651,0,0,132593132528283975,0,0,0,0,0,22035425126345880,0,0,0,0,0,0,0,16000000000000000,0,0,0,5230366497173277,0,0,0,0,100000000000000000,0,0,0,592195,0,0,0,0,0,5873129215595,0,0,5965494135691,0,0,6057859062003,0,0,6150223957044,0,0,6334953748613,0,0,9016100794806,0,0,6242588858876,0,0,13796785391611,0,0,23441812102362,0,0,246640308748436780,0,135000000000000000,0,0,30000000000000000,0,0,250000000000000,0,0,0,16341096179837727,0,0,25119699618449155,0,0,0,0,0,15870308381802594,0,40000000000000000,0,0,143747115300000000,0,0,0,11188751443532709,0,0,7194407843884533,0,0,5323907205408305,0,140000000000000000,0,0,0,23965403829938641,0,0,23454459148187707,0,10000000000000000,0,0,29000000000000000,0,0,0,0,0,10000000000000000,0,0,1000000000000000,0,0,98747409600000000,0,0,70000000000000000,0,0,134747409600000000,0,0,135000000000000000,0,0,107494819200000000,0,0,80000000000000000,0,0,0,169619578115637221,0,0,4316065963903782,0,85000000000000000,0,0,10000000000000000,0,0,60000000000000000,0,0,155000000000000000,0,0,135000000000000000,0,0
1,0x0C073C92e7684031Cfc297b83eCc33619e864d18,0,1,0,10000000000000000,0,0,0,1,0,20000000000000000,0,0,0,1,0,10000000000000000,0,0,0,1,0,10000000000000000,0,0,0,1,0,10000000000000000,0,0,0,1,0,10000000000000000,0,0,0,3880000000000000,0,10000000000000000,0,0,0,1,0,10000000000000000,0,0,0,1,0,10000000000000000,0,0,0,1,0,30000000000000000,0,0,0,1,0,10000000000000000,0,0,0,292000000000000000,0,150000000000000000,0,0,0,1,0,50000000000000000,0,0,0,1,0,10000000000000000,0,0,0,1,0,20000000000000000,0,0,0,0,0,0,1,0,20000000000000000,0,0,0,1,0,20000000000000000,0,0,0,1,0,20000000000000000,0,0,0,1,0,20000000000000000,0,0,0,1,0,10000000000000000,0,0,0,1,0,10000000000000000,0,0,0,1,0,20000000000000000,0,0,0,1,0,20000000000000000,0,0,0,1,0,10000000000000000,0,0,0,1,0,30000000000000000,0,0,0,1,0,20000000000000000,0,0,0,1,0,20000000000000000,0,0,0,1,0,20000000000000000,0,0,0,1,0,10000000000000000,0,0,0,1,0,150000000000000000,0,0,0,782000000000000000,0,400000000000000000,0,0,0,390000000000000000,0,200000000000000000,0,0,0,1,0,150000000000000000,0,0,0,97000000000000000,0,0,48500000000000000,0,100000000000000000,0,0,100000000000000000,0,0,0,0,0,0,1,0,30000000000000000,0,0,0,1,0,30000000000000000,0,0,0,1,0,20000000000000000,0,0,0,1,0,20000000000000000,0,0,0,1,0,30000000000000000,0,0,0,1,0,10000000000000000,0,0,0,1,0,10000000000000000,0,0,0,117600000000000000,0,20000000000000000,0,0,0,1,0,10000000000000000,0,0,0,117600000000000000,0,20000000000000000,0,0,0,1,0,60000000000000000,0,0,0,1,0,10000000000000000,0,0,0,1,0,20000000000000000,0,0,0,1,0,20000000000000000,0,0
1,0x8d8AbB4Dc065BBD45b7Ddb281DdF17e94d66b7dC,588411000000000000,0,0,438561000000000000,0,0,435564000000000000,0,0,478521000000000000,0,0,410589000000000000,0,0,429570000000000000,0,0,426573000000000000,0,0,435564000000000000,0,0,424575000000000000,0,0,570429000000000000,0,0,461538000000000000,0,0,576423000000000000,0,0,484515000000000000,0,0,540459000000000000,0,0,568431000000000000,0,0,422577000000000000,0,0,540459000000000000,0,0,439560000000000000,0,0,463536000000000000,0,0,594405000000000000,0,0,519480000000000000,0,0,597402000000000000,0,0,479520000000000000,0,0,457542000000000000,0,0,520479000000000000,0,0,541458000000000000,0,0,0,150667000000000000,0,0,1506672000000000000,0,0,15066725000000000000,0,484515000000000000,0,0,512487000000000000,0,0,434565000000000000,0,0,570429000000000000,0,0,541458000000000000,0,0,451548000000000000,0,0,416583000000000000,0,0,443556000000000000,0,0,574425000000000000,0,0,567432000000000000,0,0,458541000000000000,0,0,577422000000000000,0,0,488511000000000000,0,0,399600000000000000,0,0,471528000000000000,0,0,575424000000000000,0,0,492507000000000000,0,0,449550000000000000,0,0,471528000000000000,0,0,499500000000000000,0,0,578421000000000000,0,0,422577000000000000,0,0,438561000000000000,0,0,525474000000000000,0,0,478521000000000000,0,0,572427000000000000,0,0,0,34593436000000000000,0,585414000000000000,0,0,576423000000000000,0,0,490509000000000000,0,0,458541000000000000,0,0,451548000000000000,0,0,441558000000000000,0,0,562437000000000000,0,0,584415000000000000,0,0,577422000000000000,0,0,548451000000000000,0,0,541458000000000000,0,0,576423000000000000,0,0,554445000000000000,0,0,549450000000000000,0,0,548451000000000000,0,0,500499000000000000,0,0,558441000000000000,0,0,517482000000000000,0,0,526473000000000000,0,0,541458000000000000,0,0,539460000000000000,0,0,441558000000000000,0,0,419580000000000000,0,0,541458000000000000,0,0,477522000000000000,0,0,496503000000000000,0,0,410589000000000000,0,0,412587000000000000,0,0,543456000000000000,0,0,433566000000000000,0,0,492507000000000000,0,0,404595000000000000,0,0,566433000000000000,0,0,599400000000000000,0,0,499500000000000000,0,0,413586000000000000,0,0,467532000000000000,0,0,425574000000000000,0,0,440559000000000000,0,0,407592000000000000,0,0,565434000000000000,0,0,497502000000000000,0,0,475524000000000000,0,0,538461000000000000,0,0
1,0x211d0266d3A13E2DFed198B62e409cCe6b7d67e0,0,0,0,10000000000000000,0,0,0,0,0,10000000000000000,0,0,0,0,0,10000000000000000,0,0,0,0,0,20000000000000000,0,0,0,0,0,20000000000000000,0,0,0,0,0,10000000000000000,0,0,0,0,0,20000000000000000,0,0,0,0,0,30000000000000000,0,0,0,220000000000000000,0,0,0,0,30000000000000000,0,0,0,240000000000000000,0,0,200000000000000000,0,0,100000000000000000,0,0,260000000000000000,0,0,0,0,20000000000000000,0,0,0,0,0,40000000000000000,0,0,0,0,0,40000000000000000,0,0,0,0,0,50000000000000000,0,0,0,0,0,20000000000000000,0,0,0,0,0,10000000000000000,0,0,0,0,0,40000000000000000,0,0,0,0,0,30000000000000000,0,0,0,0,0,30000000000000000,0,0,0,0,0,20000000000000000,0,0,0,0,0,30000000000000000,0,0,0,300000000000000000,0,0,0,0,20000000000000000,0,0,0,0,0,30000000000000000,0,0,0,0,0,40000000000000000,0,0,0,120000000000000000,0,0,0,0,30000000000000000,0,0,0,0,0,20000000000000000,0,0,0,0,0,30000000000000000,0,0,0,0,0,20000000000000000,0,0,0,0,0,30000000000000000,0,0,0,0,0,40000000000000000,0,0,0,0,0,40000000000000000,0,0,0,0,0,30000000000000000,0,0,0,0,0,40000000000000000,0,0,0,0,0,30000000000000000,0,0,0,0,0,50000000000000000,0,0,0,520000000000000000,0,0,0,0,20000000000000000,0,0,0,10000000000000000,0,40000000000000000,0,0,0,0,0,50000000000000000,0,0,0,0,0,40000000000000000,0,0,0,0,0,30000000000000000,0,0,0,0,0,20000000000000000,0,0,0,0,0,20000000000000000,0,0,0,0,0,40000000000000000,0,0,0,0,0,20000000000000000,0,0,0,0,0,40000000000000000,0,0,0,0,0,20000000000000000,0,0,0,0,0,10000000000000000,0,0
1,0x74c83d77c2F313C5EbB483FB2ebD36DfF3790f32,1000000000000000000,0,0,0,1383602332825166009,0,0,78880193504546419,0,0,1349122048969756894,0,100000000000000000,0,0,300000000000000000,0,0,140000000000000000,0,0,110000000000000000,0,0,200000000000000000,0,0,100000000000000000,0,0,300000000000000000,0,0,300000000000000000,0,0,600000000000000000,0,0,500000000000000000,0,0,600000000000000000,0,0,500000000000000000,0,0,13000000000000000000,0,0,1000000000000000000,0,0,1000000000000000000,0,0,1000000000000000000,0,0,1000000000000000000,0,0,1000000000000000000,0,0,1000000000000000000,0,0,1000000000000000000,0,0,1000000000000000000,0,0,1000000000000000000,0,0,1000000000000000000,0,0,1000000000000000000,0,0,0,0,0
1,0x223012b984d63740b33c913C9748290F46443175,0,40000000000000000,0,0,650000000000000000,0,0,0,0,0,0,0,0,1020000000000000000,0,0,0,0,0,0,0,0,0,0,0,0,0,0,0,0,0,0,0,0,0,0,0,0,0,88900000000000000,0,0,26000000000000000,0,0,23000000000000000,0,0,13500000000000000,0,0,22500000000000000,0,0,16400000000000000,0,0,15000000000000000,0,0,23000000000000000,0,0,20000000000000000,0,0,21800000000000000,0,0,42000000000000000,0,0,16200000000000000,0,0,44000000000000000,0,0,25300000000000000,0,0,0,0,0,0,0,0,0,0,0,0,0,0,0,0,0,0,0,0,0,0,0,0,0,0,0,0,0,0,0,0,0,0,0,0,0,0,0,0,0,0,0,0,0,0,0,0,0,0,0,0,0,0,0,0,0,0,0,0,0,0,0,0,0,0,0,0,0,0,0,0,0,0,0,0,0,0,0,0,0,0,0,0,1050000000000000000,0,0,0,0,0,0,0,0,85000000000000000,0,44000000000000000,0,0,0,82000000000000000,0,0,56000000000000000,0,45000000000000000,0,0,74000000000000000,0,0,54000000000000000,0,0,72000000000000000,0,0,85000000000000000,0,0,99000000000000000,0,0,64000000000000000,0,0,64000000000000000,0,0,44000000000000000,0,0,52000000000000000,0,0,64000000000000000,0,0,0,11000000000000000,0,0,20000000000000000,0,0,20000000000000000,0,0,0,0,0,0,0,0,65000000000000000,0,0,44000000000000000,0,0,52000000000000000,0,0,64000000000000000,0,0,64000000000000000,0,0,100000000000000000,0,0,85000000000000000,0,0,73000000000000000,0,0,55000000000000000,0,0,75000000000000000,0,82000000000000000,0,0,0,82000000000000000,0,0,45000000000000000,0,56000000000000000,0,0,0,0,0,0,0,0,0,45000000000000000,0,85000000000000000,0,0,0,0,0,0,0,0,0,0,0,1000000000000000000,0,0,1000000000000000000,0,0
1,0x8888888883585b9a8202db34d8b09d7252bfc61c,0,0,0,0,0,0,0,0,0,0,0,0,0,0,0,0,0,0,0,0,0,0,0,0,0,0,0,0,0,0,0,0,0,0,0,0,0,0,0,0,0,0,0,0,0,0,0,0,0,0,0,0,0,0,0,0,0,0,0,0,0,0,0,0,0,0,0,0,0,0,0,0,0,0,0,0,0,0,0,0,0,0,0,0,0,0,0,0,0,0,0,0,0,0,0,0,0,0,0,0,0,0,0,0,0,0,0,0,0,0,0,0,0,0,0,0,0,0,0,0,0,0,0,0,0,0,0,0,0,0,0,0,0,0,0,0,0,0,0,0,0,0,0,0,0,0,0,0,0,0,0,0,0,0,0,0,0,0,0,0,0,0,0,0,0,0,0,0,0,0,0,0,0,0,0,0,0,0,0,0,0,0,0,0,0,0,0,0,0,0,0,0,0,0,0,0,0,0,0,0,0,0,0,0,0,0,0,0,0,0,0,0,0,0,0,0,0,0,0,0,0,0,0,0,0,0,0,0,0,0,0,0,0,0,0,0,0,0,0,0,0,0,0,0,0,0,0,0,0,0,0,0,0,0,0,0,0,0,0,0,0,0,0,0,0,0,0,0,0,0,0,0,0,0,0,0,0,0,0,0,0,0,0,0,0,0,0,0,0,0,0,0,0,0,0,0,0,0,0,0
1,0xaEc1F783B29Aab2727d7C374Aa55483fe299feFa,0,76556980000000000,0,70000000000000000,0,0,0,10610914000000000,0,10000000000000000,0,0,0,0,0,20000000000000000,0,0,0,75227966000000000,0,80000000000000000,0,0,0,31209494000000000,0,30000000000000000,0,0,0,18397098000000000,0,10000000000000000,0,0,0,39319535000000000,0,10000000000000000,0,0,0,50437314000000000,0,40000000000000000,0,0,0,44735929000000000,0,70000000000000000,0,0,0,34693975000000000,0,40000000000000000,0,0,0,48577928000000000,0,40000000000000000,0,0,0,65583590000000000,0,60000000000000000,0,0,0,40059644000000000,0,40000000000000000,0,0,0,8548848000000000,0,10000000000000000,0,0,0,9734196000000000,0,30000000000000000,0,0,0,45732021000000000,0,30000000000000000,0,0,0,43083215000000000,0,40000000000000000,0,0,0,91985587000000000,0,90000000000000000,0,0,0,87833471000000000,0,80000000000000000,0,0,0,8502062000000000,0,10000000000000000,0,0,0,110973090000000000,0,80000000000000000,0,0,0,11986604000000000,0,20000000000000000,0,0,0,0,0,190000000000000000,0,0,0,30687435000000000,0,0,0,0,200000000000000000,0,0,0,0,0,100000000000000000,0,0,0,0,0,10000000000000000,0,0,100000000000000000,0,0,0,15820000000000000,0,0,70424066000000000,0,10000000000000000,0,0,50000000000000000,0,0,0,0,0,10000000000000000,0,0,0,31123434000000000,0,20000000000000000,0,0,0,36368644000000000,0,40000000000000000,0,0,0,45557485000000000,0,30000000000000000,0,0,0,90330496000000000,0,80000000000000000,0,0,0,24215889000000000,0,20000000000000000,0,0,20000000000000000,0,0,0,18084569000000000,0,20000000000000000,0,0,0,209163800000000000,0,100000000000000000,0,0,0,46149446000000000,0,50000000000000000,0,0,0,83298666000000000,0,70000000000000000,0,0,0,45354810000000000,0,40000000000000000,0,0,0,55804635000000000,0,40000000000000000,0,0,0,55138709000000000,0,60000000000000000,0,0,0,38871435000000000,0,10000000000000000,0,0,0,70137394000000000,0,60000000000000000,0,0,0,15812941000000000,0,10000000000000000,0,0,0,26994826000000000,0,30000000000000000,0,0,0,14478460000000000,0,10000000000000000,0,0,0,36359667000000000,0,40000000000000000,0,0,40000000000000000,0,0,0,1380000000000000,0,100000000000000000,0,0
1,0x763186eB8d4856D536eD4478302971214FEbc6A9,0,0,0,0,0,0,0,0,0,0,0,0,0,0,0,0,0,0,0,0,0,0,0,0,0,0,0,0,0,0,0,0,0,0,0,0,0,0,0,0,0,0,0,0,0,0,0,0,0,0,0,0,0,0,0,0,0,0,0,0,0,0,0,0,0,0,0,0,0,0,0,0,0,0,0,0,0,0,0,0,0,0,0,0,0,0,0,0,0,0,0,0,0,0,0,0,0,0,0,0,0,0,0,0,0,0,0,0,0,0,0,0,0,0,0,0,0,0,0,0,0,0,0,0,0,0,0,0,0,0,0,0,0,0,0,0,0,0,0,0,0,0,0,0,0,0,0,0,0,0,0,0,0,0,0,0,0,0,0,0,0,0,0,0,0,0,0,0,0,0,0,0,0,0,0,0,0,0,0,0,0,0,0,0,0,0,0,0,0,0,0,0,0,0,0,0,0,0,0,0,0,0,0,0,0,0,0,0,0,0,0,0,0,0,0,0,0,0,0,0,0,0,0,0,0,0,0,0,0,0,0,0,0,0,0,0,0,0,0,0,0,0,0,0,0,0,0,0,0,0,0,0,0,0,0,0,0,0,0,0,0,0,0,0,0,0,0,0,0,0,0,0,0,0,0,0,0,0,0,0,0,0,0,0,0,0,0,0,0,0,0,0,0,0,0,0,0,0,0,0
1,0x6BB1538a39120d6Ecf6295caCE8376c1d6c334Cf,0,0,0,0,160000000000000,0,0,1008000000000000,0,0,0,0,0,800000000000000,0,0,15200000000000000,0,0,0,0,0,0,0,0,0,0,0,342000000000000000,0,0,18000000000000000,0,0,18000000000000000,0,0,342000000000000000,0,0,77000000000000000,0,0,1463000000000000000,0,0,190000000000000000,0,0,10000000000000000,0,0,342000000000000000,0,0,18000000000000000,0,0,342000000000000000,0,0,62000000000000000,0,0,390600000000000000,0,0,18000000000000000,0,0,342000000000000000,0,0,18000000000000000,0,0,18000000000000000,0,0,342000000000000000,0,0,6269949000000000000,0,0,995230000000000000,0,0,342000000000000000,0,0,18000000000000000,0,0,342000000000000000,0,0,18000000000000000,0,0,342000000000000000,0,0,18000000000000000,0,0,0,0,0,200000000000000000,0,0,200000000000000000,0,0,600000000000000000,0,0,464184000000000000,0,0,18000000000000000,0,0,342000000000000000,0,0,342000000000000000,0,0,18000000000000000,0,0,40000000000000000,0,0,342000000000000000,0,0,18000000000000000,0,0,760000000000000000,0,0,1140000000000000000,0,0,60000000000000000,0,0,193410000000000000,0,0,30700000000000000,0,0,342000000000000000,0,0,18000000000000000,0,0,770490000000000000,0,0,122300000000000000,0,0,18000000000000000,0,0,342000000000000000,0,0,10000000000000000,0,0,190000000000000000,0,0,342000000000000000,0,0,18000000000000000,0,0,342000000000000000,0,0,18000000000000000,0,0,302400000000000000,0,0,48000000000000000,0,0,18000000000000000,0,0,342000000000000000,0,0,342000000000000000,0,0,18000000000000000,0,0,342000000000000000,0,0,18000000000000000,0,0,6646689000000000000,0,0,1055030000000000000,0,0,342000000000000000,0,0,18000000000000000,0,0,140000000000000000,0,0,882000000000000000,0,0,152000000000000000,0,0,10000000000000000,0,0,8000000000000000,0,0,63000000000000000,0,0,50400000000000000,0,0,8000000000000000,0,0,750600000000000000,0,0,660000000000000000,0,0,220000000000000000,0,0,220000000000000000,0,0,308322000000000000,0,0,48940000000000000,0,0,1463000000000000000,0,0,77000000000000000,0,0,1751400000000000000,0,0,278000000000000000,0,0,756000000000000000,0,0,120000000000000000,0,0,0,0,0,180000000000000000,0,0,1134000000000000000,0,0,1995000000000000000,0,0,105000000000000000,0,0,40320000000000000,0,0,6400000000000000,0,0,1529500000000000000,0,0,80500000000000000,0,0,380000000000000000,0,0,20000000000000000,0,0,0,0,0,0,0,0,0,0,0,0,0,0,0,0,0,0,0,0,0,0,0,0,0,0,0,0,0,0,0,0,0,0,0,0,0,0,0,0,0,0,0,0,0,0,0,0,0,0,0,0,0,0,0,0,0,0,0,0,0,0,0,0,0,0,0,0,0,0,0,0,0,0,0,0,0,0,0,0,0,0,0,0,0,0,0,0,0,0,0,0,0,0,0,0,0,0,0,0,0,0,0,0,0,0,0,0,0,0,0,0,0,0,0,0,0,0,0,0,0,0,0,0,0,0,0,0,0,0,0,0,0,0,0,0
1,0x3A9FfF453d50D4Ac52A6890647b823379ba36B9E,0,0,0,0,0,0,0,0,0,0,0,0,0,0,0,0,0,0,0,0,0,0,0,0,0,0,0,0,0,0,0,0,0,0,0,0,0,0,0,0,0,0,0,0,0,0,0,0,0,0,0,0,0,0,0,0,0,0,0,0,0,0,0,0,0,0,0,0,0,0,0,0,0,0,0,0,0,0,0,0,0,0,0,0,0,0,0,0,0,0,0,0,0,0,0,0,0,0,0,0,0,0,0,0,0,0,0,0,0,0,0,0,0,0,0,0,0,0,0,0,0,0,0,0,0,0,0,0,0,0,0,0,0,0,0,0,0,0,0,0,0,0,0,0,0,0,0,0,0,0,0,0,0,0,0,0,0,0,0,0,0,0,0,0,0,0,0,0,0,0,0,0,0,0,0,0,0,0,0,0,0,0,0,0,0,0,0,0,0,0,0,0,0,0,0,0,0,0,0,0,0,0,0,0,0,0,0,0,0,0,0,0,0,0,0,0,0,0,0,0,0,0,0,0,0,0,0,0,0,0,0,0,0,0,0,0,0,0,0,0,0,0,0,0,0,0,0,0,0,0,0,0,0,0,0,0,0,0,0,0,0,0,0,0,0,0,0,0,0,0,0,0,0,0,0,0,0,0,0,0,0,0,0,0,0,0,0,0,0,0,0,0,0,0,0,0,0,0,0,0
1,0x8aA33A7899FCC8eA5fBe6A608A109c3893A1B8b2,0,0,0,0,0,0,0,0,0,0,0,0,0,0,0,0,0,0,0,0,0,0,0,0,0,0,0,0,0,0,0,0,0,0,0,0,0,0,0,0,0,0,0,0,0,0,0,0,0,0,0,0,0,0,0,0,0,0,0,0,0,0,0,0,0,0,0,0,0,0,0,0,0,0,0,0,0,0,0,0,0,0,0,0,0,0,0,0,0,0,0,0,0,0,0,0,0,0,0,0,0,0,0,0,0,0,0,0,0,0,0,0,0,0,0,0,0,0,0,0,0,0,0,0,0,0,0,0,0,0,0,0,0,0,0,0,0,0,0,0,0,0,0,0,0,0,0,0,0,0,0,0,0,0,0,0,0,0,0,0,0,0,0,0,0,0,0,0,0,0,0,0,0,0,0,0,0,0,0,0,0,0,0,0,0,0,0,0,0,0,0,0,0,0,0,0,0,0,0,0,0,0,0,0,0,0,0,0,0,0,0,0,0,0,0,0,0,0,0,0,0,0,0,0,0,0,0,0,0,0,0,0,0,0,0,0,0,0,0,0,0,0,0,0,0,0,0,0,0,0,0,0,0,0,0,0,0,0,0,0,0,0,0,0,0,0,0,0,0,0,0,0,0,0,0,0,0,0,0,0,0,0,0,0,0,0,0,0,0,0,0,0,0,0,0,0,0,0,0,0
1,0x0efaB66d0C050519c734bC8B7034Ed68cb0F9323,0,0,0,0,0,0,0,0,0,0,0,0,0,0,0,0,0,0,0,0,0,0,0,0,0,0,0,0,0,0,0,0,0,0,0,0,0,0,0,0,0,0,0,0,0,0,0,0,0,0,0,0,0,0,0,0,0,0,0,0,0,0,0,0,0,0,0,0,0,0,0,0,0,0,0,0,0,0,0,0,0,0,0,0,0,0,0,0,0,0,0,0,0,0,0,0,0,0,0,0,0,0,0,0,0,0,0,0,0,0,0,0,0,0,0,0,0,0,0,0,0,0,0,0,0,0,0,0,0,0,0,0,0,0,0,0,0,0,0,0,0,0,0,0,0,0,0,0,0,0,0,0,0,0,0,0,0,0,0,0,0,0,0,0,0,0,0,0,0,0,0,0,0,0,0,0,0,0,0,0,0,0,0,0,0,0,0,0,0,0,0,0,0,0,0,0,0,0,0,0,0,0,0,0,0,0,0,0,0,0,0,0,0,0,0,0,0,0,0,0,0,0,0,0,0,0,0,0,0,0,0,0,0,0,0,0,0,0,0,0,0,0,0,0,0,0,0,0,0,0,0,0,0,0,0,0,0,0,0,0,0,0,0,0,0,0,0,0,0,0,0,0,0,0,0,0,0,0,0,0,0,0,0,0,0,0,0,0,0,0,0,0,0,0,0,0,0,0,0,0
1,0x08711D3B02C8758F2FB3ab4e80228418a7F8e39c,0,0,0,0,0,0,0,0,0,0,0,0,0,0,0,0,0,0,0,0,0,0,0,0,0,0,0,0,0,0,0,0,0,0,0,0,0,0,0,0,0,0,0,0,0,0,0,0,0,0,0,0,0,0,0,0,0,0,0,0,0,0,0,0,0,0,0,0,0,0,0,0,0,0,0,0,0,0,0,0,0,0,0,0,0,0,0,0,0,0,0,0,0,0,0,0,0,0,0,0,0,0,0,0,0,0,0,0,0,0,0,0,0,0,0,0,0,0,0,0,0,0,0,0,0,0,0,0,0,0,0,0,0,0,0,0,0,0,0,0,0,0,0,0,0,0,0,0,0,0,0,0,0,0,0,0,0,0,0,0,0,0,0,0,0,0,0,0,0,0,0,0,0,0,0,0,0,0,0,0,0,0,0,0,0,0,0,0,0,0,0,0,0,0,0,0,0,0,0,0,0,0,0,0,0,0,0,0,0,0,0,0,0,0,0,0,0,0,0,0,0,0,0,0,0,0,0,0,0,0,0,0,0,0,0,0,0,0,0,0,0,0,0,0,0,0,0,0,0,0,0,0,0,0,0,0,0,0,0,0,0,0,0,0,0,0,0,0,0,0,0,0,0,0,0,0,0,0,0,0,0,0,0,0,0,0,0,0,0,0,0,0,0,0,0,0,0,0,0,0
1,0xA52e014B3f5Cc48287c2D483A3E026C32cc76E6d,3000000000000000000,0,0,0,5439560439560439559,0,0,1,0,5000000000000000000,0,0,10000000000000000000,0,0,0,1,0,0,6971830985915492957,0,5000000000000000000,0,0,5000000000000000000,0,0,0,1,0,200000000000000000,0,0,0,1,0,0,13378378378378378377,0,0,4499999999999999999,0,5000000000000000000,0,0,2000000000000000000,0,0,200000000000000000,0,0,0,1677966101694915253,0,1000000000000000000,0,0,0,15714285714285714284,0,0,599999999999999999,0,200000000000000000,0,0,10000000000000000000,0,0,0,599999999999999999,0,200000000000000000,0,0,0,1,0,1000000000000000000,0,0,0,1,0,5000000000000000000,0,0,0,10760869565217391303,0,5000000000000000000,0,0,0,2639999999999999999,0,2000000000000000000,0,0,0,1,0,2000000000000000000,0,0,0,1,0,2000000000000000000,0,0,0,2199999999999999999,0,2000000000000000000,0,0,0,3882352941176470588,0,2000000000000000000,0,0,0,1319999999999999999,0,1000000000000000000,0,0,0,8249999999999999999,0,5000000000000000000,0,0,0,263999999999999999,0,200000000000000000,0,0,0,1,0,200000000000000000,0,0,0,824999999999999999,0,200000000000000000,0,0,0,396000000000000000,0,200000000000000000,0,0,0,21405405405405405404,0,8000000000000000000,0,0,0,1,0,5000000000000000000,0,0,0,1,0,2000000000000000000,0,0,0,14999999999999999999,0,5000000000000000000,0,0,0,18333333333333333332,0,5000000000000000000,0,0,0,1,0,5000000000000000000,0,0,0,14999999999999999999,0,5000000000000000000,0,0,0,1,0,5000000000000000000,0,0,0,3142857142857142856,0,2000000000000000000,0,0,0,1,0,5000000000000000000,0,0,0,7681034482758620688,0,4500000000000000000,0,0,0,26052631578947368420,0,10000000000000000000,0,0,0,1,0,10000000000000000000,0,0,0,1,0,10000000000000000000,0,0,0,70714285714285714285,0,30000000000000000000,0,0,0,1,0,10000000000000000000,0,0,0,1,0,19000000000000000000,0,0,0,1,0,5000000000000000000,0,0,0,43999999999999999999,0,16000000000000000000,0,0,0,1,0,200000000000000000,0,0,0,1,0,4000000000000000000,0,0,0,659999999999999999,0,500000000000000000,0,0,0,1178571428571428571,0,1000000000000000000,0,0,0,208421052631578947,0
1,0x777777D1123591Df7F68E053bc182dE3cd4FA6DE,51000000000000000,0,0,51000000000000000,0,0,51000000000000000,0,0,51000000000000000,0,0,0,2182500000000000000,0,0,269660000000000000,0,51000000000000000,0,0,50000000000000000,0,0,50000000000000000,0,0,51000000000000000,0,0,51000000000000000,0,0,51000000000000000,0,0,51000000000000000,0,0,51000000000000000,0,0,51000000000000000,0,0,51000000000000000,0,0,51000000000000000,0,0,51000000000000000,0,0,0,187695000000000000,0,51000000000000000,0,0,51000000000000000,0,0,51000000000000000,0,0,50000000000000000,0,0,50000000000000000,0,0,50000000000000000,0,0,51000000000000000,0,0,100000000000000000,0,0,51000000000000000,0,0,51000000000000000,0,0,51000000000000000,0,0,0,96030000000000000,0,51000000000000000,0,0,51000000000000000,0,0,0,177510000000000000,0,51000000000000000,0,0,0,184300000000000000,0,190000000000000000,0,0,51000000000000000,0,0,51000000000000000,0,0,51000000000000000,0,0,51000000000000000,0,0,51000000000000000,0,0,51000000000000000,0,0,51000000000000000,0,0,51000000000000000,0,0,51000000000000000,0,0,51000000000000000,0,0,180000000000000000,0,0,180000000000000000,0,0,180000000000000000,0,0,0,109125000000000000,0,51000000000000000,0,0,51000000000000000,0,0,0,197880000000000000,0,100000000000000000,0,0,51000000000000000,0,0,51000000000000000,0,0,51000000000000000,0,0,51000000000000000,0,0,51000000000000000,0,0,51000000000000000,0,0,0,105730000000000000,0,0,194000000000000000,0,51000000000000000,0,0,51000000000000000,0,0,51000000000000000,0,0,51000000000000000,0,0,51000000000000000,0,0,51000000000000000,0,0,0,90210000000000000,0,51000000000000000,0,0,0,118340000000000000,0,51000000000000000,0,0,100000000000000000,0,0,100000000000000000,0,0,51000000000000000,0,0,50000000000000000,0,0,100000000000000000,0,0,51000000000000000,0,0,90000000000000000,0,0,0,485000000000000000,0,0,244440000000000000,0,50000000000000000,0,0,52500000000000000,0,0,51000000000000000,0,0,0,99328000000000000,0,51000000000000000,0,0,100000000000000000,0,0,0,97000000000000000,0,100000000000000000,0,0,0,48500000000000000,0,0,48500000000000000,0,0,48500000000000000,0,50000000000000000,0,0,50000000000000000,0,0,0,194000000000000000,0,200000000000000000,0,0,0,48500000000000000,0,0,48500000000000000,0,50000000000000000,0,0,110000000000000000,0,0,0,194000000000000000,0
1,0x1091C132630310ACa62f62Cb155F2506070c2ec5,0,167000000000000000,0,199474844000000000,0,0,0,18500000000000000,0,0,122500000000000000,0,194912450000000000,0,0,0,18700000000000000,0,19894064487392800,0,0,0,98700000000000000,0,0,1000000000000000,0,0,85400000000000000,0,109824900000000000,0,0,0,4400000000000000,0,7068430112817527,0,0,0,30800000000000000,0,0,30800000000000000,0,59562250000000000,0,0,93934520000000000,0,0,0,488500000000000000,0,498073900000000000,0,0,464401680000000,0,0,364401680000000,0,0,464401680000000,0,0,455542500000000,0,0,355542500000000,0,0,355542500000000,0,0,355542500000000,0,0,555542500000000,0,0,455542500000000,0,0,355542500000000,0,0,655542500000000,0,0,455542500000000,0,0,355542500000000,0,0,555542500000000,0,0,455542500000000,0,0,455542500000000,0,0,555542500000000,0,0,455542500000000,0,0,655542500000000,0,0,0,20000000000000000,0,25414340000000000,0,0,645281250000000,0,0,645281250000000,0,0,445296250000000,0,0,645281250000000,0,0,745281250000000,0,0,445281250000000,0,0,645281250000000,0,0,645281250000000,0,0,645281250000000,0,0,445281250000000,0,0,545281250000000,0,0,545281250000000,0,0,645281250000000,0,0,745296250000000,0,0,445281250000000,0,0,545296250000000,0,0,0,21300000000000000,0,0,80600000000000000,0,457197500000000,0,0,757197500000000,0,0,757197500000000,0,0,657197500000000,0,0,457197500000000,0,0,457197500000000,0,0,457197500000000,0,0,657197500000000,0,0,557197500000000,0,0,657197500000000,0,0,557197500000000,0,0,457197500000000,0,0,657197500000000,0,0,557197500000000,0,0,757197500000000,0,0,657197500000000,0,0,557197500000000,0,0,557197500000000,0,0,557197500000000,0,0,457197500000000,0,0,657197500000000,0,0,657197500000000,0,0,657197500000000,0,0,557197500000000,0,0,457197500000000,0,0,457197500000000,0,0,457197500000000,0,0,657197500000000,0,0,657197500000000,0,0,445281250000000,0,0,0,30000000000000000,0,19912450000000000,0,0,514395000000000,0,0,514395000000000,0,0,414395000000000,0,0,514395000000000,0,0,414395000000000,0,0,514395000000000,0,0,514395000000000,0,0,514395000000000,0,0,614395000000000,0,0,514395000000000,0,0
1,0x05e7039c7Afd77157845d9A4f1750B8Ca93Ec378,0,86674180000000000,0,61831122500000000,0,0,79789035012793432,0,0,499955388500000000,0,0,499776942500000000,0,0,49946466200000000,0,0,10094297000000000,0,0,9946466200000000,0,0,8828477350000000,0,0,9776942500000000,0,0,0,6500000000000000,0,6935759440000000,0,0,8755388495538850,0,0,0,200070000000000000,0,0,516140000000000000,0,299821554000000000,0,0,9894212500000000,0,0,5828142500000000,0,0,500152115000000000,0,0,4642820000000000,0,0,21490942500000000,0,0,16303232500000000,0,0,16283645005313053,0,0,70931790000000000,0,0,69486982500000000,0,0,117091462500000000,0,0,74394382500000000,0,0,32545235000000000,0,0,5814266400000000,0,0,85144062500000000,0,0,164687062500000000,0,0,26629676250000000,0,0,35485110000000000,0,0,152738137000000000,0,0,6330312500000000,0,0,99955352500000000,0,0,9955352500000000,0,0,53156472500000000,0,0,9955352500000000,0,0,22957490125000000,0,0,15463657600000000,0,0,19171512500000000,0,0,4964432500000000,0,0,43621762500000000,0,0,4955352500000000,0,0,5838822500000000,0,0,4955352500000000,0,0,0,56269100000000000,0,5946423000000000,0,0,34955352500000000,0,0,0,5610000000000000,0,15581762500000000,0,0,4955352500000000,0,0,10041305000000000,0,0,5330287500000000,0,0,14464230000000000,0,0,8042825000000000,0,0,14330287500000000,0,0,19107050000000000,0,0,10370565000000000,0,0,8664312499910705,0,0,0,10042910000000000,0,7777132500000000,0,0,4707050000000000,0,0,4407050000000000,0,0,5098172500000000,0,0,4910705000000000,0,0,9374935000000000,0,0,0,41832540000000000,0,33264230000000000,0,0,43281045000000000,0,0,9457320000000000,0,0,4107050000000000,0,0,9107050000000000,0,0,9017755000000000,0,0,9017755000000000,0,0,9017755000000000,0,0,4107050000000000,0,0,9132149158478538,0,0,143177057500000000,0,0,4017755000000000,0,0,14553525000000000,0,0,19553525000000000,0,0,9553525000000000,0,0,19107050000000000,0,0,14285640000000000,0,0,10553525000000000,0,0,9508877457406285,0,0,0,110470000000000000,0,19553525000000000,0,0,14553525000000000,0,0,4553525000000000,0,0,9553525000000000,0,0,29409536812455353,0,0,4561977500000000,0,0,13508877500000000,0,0,4107050000000000,0,0,4866057500000000,0,0,4861592750000000,0,0,5941958250000000,0,0
1,0xdc827558062AA1cc0e2AB28146DA9eeAC38A06D1,0,0,0,7000000000000000,0,0,0,12728571428571428,0,0,0,0,9000000000000000,0,0,0,0,0,5000000000000000,0,0,0,565676989432298,0,0,0,0,0,0,0,5000000000000000,0,0,0,0,0,3500000000000000,0,0,0,17820000000000000,0,0,0,0,9000000000000000,0,0,0,9900000000000000,0,0,0,0,2000000000000000,0,0,0,14850000000000000,0,0,0,0,6000000000000000,0,0,0,0,0,5000000000000000,0,0,0,19800000000000000,0,0,0,0,10000000000000000,0,0,0,13736222954174143,0,0,0,0,0,83115162467730720,0,0,166230324935461440,0,0,0,0,0,0,0,0,15840000000000000,0,0,0,0,8000000000000000,0,0,0,0,0,2700000000000000,0,0,0,0,0,4000000000000000,0,0,0,0,0,10000000000000000,0,0,0,0,0,7000000000000000,0,0,0,201577123460786895,0,0,0,0,0,0,0,0,10500000000000000,0,0,0,0,3500000000000000,0,0,0,0,0,10000000000000000,0,0,0,24750000000000000,0,0,0,0,10000000000000000,0,0,0,6187500000000000,0,0,0,0,2500000000000000,0,0,0,22275000000000000,0,0,0,0,9000000000000000,0,0,0,5935824072039096,0,0,9893040120065160,0,0,494652006003258,0,0,59211907904063900,0,0,0,0,0,0,0,800000000000000,0,0,0,0,0,9000000000000000,0,0,0,0,0,6000000000000000,0,0,0,302446772483067324,0,0,0,0,0,0,0,0,504423361712193,0,0,0,0,0,0,0,0,0,0,0,0,0,1500000000000000,0,0,0,0,0,1000000000000000,0,0,0,0,0,6000000000000000,0,0,0,0,0,900000000000000,0,0,0,0,0,2500000000000000,0,0,0,0,0,10000000000000000,0,0,0,27720000000000000,0,0,0,0,7000000000000000,0,0,0,0,0,8000000000000000,0,0,0,26329787234042553,0,0,0,0,0,0,0,1000000000000000,0,0
1,0x338D2d618f48Bf6F6917AFCD1fCfd3418bb0CAcc,0,10000000000000000,0,10000000000000000,0,0,10000000000000000,0,0,0,50000000000000,0,0,750000000000000,0,0,50000000000000,0,0,19000000000000000,0,0,50000000000000,0,0,50000000000000,0,0,50000000000000,0,0,0,0,0,0,0,10000000000000000,0,0,10000000000000000,0,0,0,50000000000000,0,0,700000000000000,0,0,19000000000000000,0,0,50000000000000,0,0,50000000000000,0,0,50000000000000,0,0,50000000000000,0,0,50000000000000,0,0,0,0,0,0,0,0,10000000000000000,0,0,0,0,0,0,0,10000000000000000,0,0,10000000000000000,0,0,10000000000000000,0,0,10000000000000000,0,0,0,50000000000000000,0,0,10000000000000000,0,0,100000000000000000,0,10000000000000000,0,0,0,50000000000000,0,0,19000000000000000,0,0,50000000000000,0,0,50000000000000,0,0,650000000000000,0,0,50000000000000,0,0,50000000000000,0,0,50000000000000,0,0,50000000000000,0,0,0,0,0,0,0,10000000000000000,0,0,50000000000000000,0,0,10000000000000000,0,0,100000000000000000,0,0,10000000000000000,0,0,0,50000000000000,0,0,600000000000000,0,0,19000000000000000,0,0,50000000000000,0,0,50000000000000,0,0,50000000000000,0,0,50000000000000,0,0,50000000000000,0,0,50000000000000,0,0,50000000000000,0,0,50000000000000,0,0,50000000000000,0,0,19000000000000000,0,0,50000000000000,0,0,50000000000000,0,0,50000000000000,0,0,50000000000000,0,0,50000000000000,0,0,50000000000000,0,0,50000000000000,0,0,1200000000000000,0,0,19000000000000000,0,0,50000000000000,0,0,50000000000000,0,0,50000000000000,0,0,50000000000000,0,0,50000000000000,0,0,50000000000000,0,0,50000000000000,0,0,10000000000000000,0,10000000000000000,0,0,0,50000000000000,0,0,19000000000000000,0,0,50000000000000,0,0,50000000000000,0,0,1250000000000000,0,0,50000000000000,0,0,50000000000000,0,0,50000000000000,0,0,50000000000000,0,0,50000000000000,0,0,50000000000000,0,0,50000000000000,0,0,50000000000000,0,0,50000000000000,0,0,50000000000000,0,0,50000000000000,0,0,50000000000000,0,0,50000000000000,0,0,50000000000000,0,0,50000000000000,0,0,50000000000000,0,0,50000000000000,0,0,50000000000000,0,0,50000000000000,0,0,50000000000000,0,0,50000000000000,0,0,50000000000000,0,0,50000000000000,0,0,50000000000000,0,0,50000000000000,0,0,50000000000000,0,0,50000000000000,0,0,50000000000000,0,0,50000000000000,0,0,50000000000000,0,0,50000000000000,0,0,50000000000000,0,0,50000000000000,0,0,50000000000000,0,0,50000000000000,0,0,50000000000000,0,0,0,0,0,0,0,0,0,0,10000000000000000,0,0,0,0,0,0,0,0,0,0,0,0,0,0,0,0,0,0,0,0,0,0,0,0,0,0,10000000000000000,0,0,0,0,0,10000000000000000,0,0,10000000000000000,0,0,10000000000000000,0,0,10000000000000000,0,0,10000000000000000,0,0,0,0,0,0,0,0,10000000000000000,0,0,0,0,0,0,0,0,10000000000000000,0,0,10000000000000000,0,0,10000000000000000,0,0,10000000000000000,0,0,10000000000000000,0,0,10000000000000000,0,0,10000000000000000,0,0,10000000000000000,0,0,10000000000000000,0,0,0,0,0,0,0,0,0,0,0,0,0,0,0,0,0,0,0,0,0,0,0,0,0,0,0,0,0,0,0,0,10000000000000000,0,0,10000000000000000,0,0,0,0,0,0,0,0,10000000000000000,0,0,0,0,0,0,0,0,0,0,0,0,0,0,10000000000000000,0,0,0,0,0,0,0,0,10000000000000000,0,0,0,0,0,0,0,0
1,0x1C1250f0846F1Efeb08F94b8e016AE9A483dCe1C,100000000000000,0,0,100000000000000,0,0,8423180592991914,0,0,4192344778434578,0,0,4192344778434578,0,0,0,2183310772455351,0,2183310772455351,0,0,0,10607828577490188,0,0,10607828577490188,0,10607828577490188,0,0,10607828577490188,0,0,0,12063453766813439,0,0,12065637065637066,0,12063453766813439,0,0,12065637065637066,0,0,0,7290223809870963,0,7290223809870963,0,0,0,13996780740429701,0,0,557335934234359,0,0,27309460777483629,0,13996780740429701,0,0,13933398355858994,0,0,13933398355858994,0,0,0,151480724077861092,0,0,757633154026820214,0,0,757633154026820214,0,0,757403620389305461,0,0,378701810194652730,0,0,757633154026820214,0,0,758322590429968909,0,18942263979390817,0,0,757633154026820214,0,0,757633154026820214,0,0,757633154026820214,0,0,151480724077861092,0,0,378701810194652730,0,0,757403620389305461,0,0,758322590429968909,0,0,15699819452076301,0,0,0,15214910612400152,0,0,15007128385983342,0,15214910612400152,0,0,0,15672752919050231,0,15007128385983342,0,0,38925652004671078,0,0,0,39200000000000000,0,39200000000000000,0,0,15672752919050231,0,0,0,15707217466425823,0,15707217466425823,0,0,0,15339776039269827,0,15339776039269827,0,0,0,13972334777141260,0,7078643731860975,0,0,0,13804527885146328,0,13972334777141260,0,0,3437000000000000,0,0,3437000000000000,0,0,3437000000000000,0,0,0,137480000000000,0,0,6736520000000000,0,0,137480000000000,0,0,6736520000000000,0,3437000000000000,0,0,13804527885146328,0,0,0,19839957674756961,0,0,19839957674756961,0,100000000000000,0,0,100000000000000,0,0,3437000000000000,0,0,3437000000000000,0,0,3437000000000000,0,0,3437000000000000,0,0,0,0,0,0,137480000000000,0,0,6736520000000000,0,0,137480000000000,0,0,6736520000000000,0,19839957674756961,0,0,19839957674756961,0,0,0,67394527564361774,0,0,99945967850871268,0,0,2039713629609617,0,0,33697263782180887,0,0,20000000000000000,0,0,10000000000000000,0,20000000000000000,0,0,10000000000000000,0,0,130000000000000000,0,0,68215588275023638,0,0,0,2065098468271334,0,0,101189824945295406,0,33770093205457247,0,0,0,67394527564361774,0,0,129000000000000000,0,3437000000000000,0,0,3437000000000000,0,0,3437000000000000,0,0,0,108000000000000,0,0,5292000000000000,0,0,108000000000000,0,0,5292000000000000,0,3437000000000000,0,0,69064551422319475,0,0,34190371991247265,0,0,129000000000000000,0,0,0,130000000000000000,0,67394527564361774,0,0,0,12910722354915758,0
1,0x959e507febC94D8d85b0ADaa1c594C0A02aa209a,0,134455933668406,0,0,6588340749751896,0,0,9980616971648215,0,0,203686060645881,0,0,13718765311121999,0,0,279974802267795,0,0,4614887627486271,0,0,10772833723653395,0,0,219853749462314,0,0,0,0,0,0,0,0,4614887627486271,0,0,9045179749873092,0,0,184595505099450,0,0,0,0,0,0,0,6213258136978444,0,0,4614887627486271,0,0,4614887627486271,0,0,4614887627486271,0,0,4614887627486271,0,0,0,4382505039880796,0,0,9130293007872549,0,0,186332510364745,0,0,4425757911042266,0,0,8573178199632578,0,0,174962820400664,0,4779429336137265,0,0,0,5000000000000000,0,0,9316625518237294,0,4425757911042266,0,0,4382505039880796,0,0,0,4428305730227615,0,4374070510016621,0,0,0,0,0,4374070510016621,0,0,0,4741134079271762,0,4428305730227615,0,0,5000000000000000,0,0,0,7840000000000000,0,0,160000000000000,0,4741134079271762,0,0,0,4395604395604396,0,4658312759118647,0,0,9316625518237294,0,0,4658312759118647,0,0,0,3617437525377432,0,0,1932027750944059,0,0,4395604395604396,0,1932027750944059,0,0,0,7306344591068367,0,0,149109073287109,0,0,147825255619947,0,0,3626000000000000,0,4395604395604396,0,0,4395604395604396,0,0,0,3727726832177738,0,3727726832177738,0,0,3727726832177738,0,0,3727726832177738,0,0,3700000000000000,0,0,0,3460926143836091,0,0,3460926143836091,0,0,14567781547907578,0,0,297301664243011,0,0,12350945225399903,0,0,252060106640814,0,3691262780997379,0,0,0,15201163354338342,0,0,310227823557925,0,0,6463079657456778,0,3460926143836091,0,0,3460926143836091,0,0,8402003554693811,0,0,0,3269576589831617,0,0,342383675146369,0,4000000000000000,0,0,4000000000000000,0,0,9048311520439489,0,0,0,3000000000000000,0,3269576589831617,0,0,6139925674583939,0,0,6463079657456778,0,0,6463079657456778,0,0,6463079657456778,0,0,6463079657456778,0,0,3000000000000000,0,0,0,6827569726555832,0,0,10042618332024716,0,0,204951394531116,0,342383675146369,0,0,0,3446136880556896,0,0,3446136880556896,0,3420000000000000,0,0,0,10241354589833749,0,10241354589833749,0,0,6827569726555832,0,0,6827569726555832,0,0,6999370056694897,0,0,16953750169537502,0,0,6999370056694897,0,0,10499055085042346,0,0,3446136880556896,0,0,3446136880556896,0,0,0,3207698476343224,0,0,6287089013632720,0,0,128307939053728,0,0,3207698476343224,0,0,3345623378399400,0,6899043989618581,0,0,3521464929410634,0,0,3285259042675515,0,0,0,6691246756793664,0,0,204834084391695,0,3201331754009668,0,0,3207698476343224,0,0
